,business_id,category
0,O_X3PGhk3Y5JWVi866qlJg,Active Life
1,O_X3PGhk3Y5JWVi866qlJg,Arts & Entertainment
2,O_X3PGhk3Y5JWVi866qlJg,Stadiums & Arenas
3,O_X3PGhk3Y5JWVi866qlJg,Horse Racing
4,QbrM7wqtmoNncqjc6GtFaQ,Tires
5,QbrM7wqtmoNncqjc6GtFaQ,Automotive
6,QbrM7wqtmoNncqjc6GtFaQ,Fashion
7,QbrM7wqtmoNncqjc6GtFaQ,Shopping
8,QbrM7wqtmoNncqjc6GtFaQ,Department Stores
9,7lbvsGKzhjuX3oJtaXJvOg,Women's Clothing
10,7lbvsGKzhjuX3oJtaXJvOg,Men's Clothing
11,7lbvsGKzhjuX3oJtaXJvOg,Fashion
12,7lbvsGKzhjuX3oJtaXJvOg,Shopping
13,7lbvsGKzhjuX3oJtaXJvOg,Accessories
14,gjxoKVsRJwEoa8zd9XxlAw,Pet Services
15,gjxoKVsRJwEoa8zd9XxlAw,Pet Boarding/Pet Sitting
16,gjxoKVsRJwEoa8zd9XxlAw,Pets
17,V28yjMqyZnbCtabroJN_aA,Veterinarians
18,V28yjMqyZnbCtabroJN_aA,Pets
19,ShUDf64NVkwCe8izdUbYuw,Mexican
20,ShUDf64NVkwCe8izdUbYuw,Restaurants
21,-orgn4aQoie80CiWcoqkqg,Real Estate Services
22,-orgn4aQoie80CiWcoqkqg,Property Management
23,-orgn4aQoie80CiWcoqkqg,Home Services
24,-orgn4aQoie80CiWcoqkqg,Real Estate
25,mQfT3JYu18HN22DVylcE7A,Bakeries
26,mQfT3JYu18HN22DVylcE7A,Food
27,mQfT3JYu18HN22DVylcE7A,Breakfast & Brunch
28,mQfT3JYu18HN22DVylcE7A,Sandwiches
29,mQfT3JYu18HN22DVylcE7A,Restaurants
30,cqXv3w9Mf-aVi4PPRspfFQ,Art Supplies
31,cqXv3w9Mf-aVi4PPRspfFQ,Shopping
32,cqXv3w9Mf-aVi4PPRspfFQ,Framing
33,cqXv3w9Mf-aVi4PPRspfFQ,Arts & Crafts
34,C2FC_hsVG4rupRESeUnrcA,Active Life
35,C2FC_hsVG4rupRESeUnrcA,Massage Therapy
36,C2FC_hsVG4rupRESeUnrcA,Health & Medical
37,C2FC_hsVG4rupRESeUnrcA,Trainers
38,C2FC_hsVG4rupRESeUnrcA,Fitness & Instruction
39,aW1FWcU8uWqlslFOI2Ts1w,Health & Medical
40,aW1FWcU8uWqlslFOI2Ts1w,Diagnostic Services
41,aW1FWcU8uWqlslFOI2Ts1w,Diagnostic Imaging
42,MiVcQsXp3TYUmeD7FSa-hA,Bakeries
43,MiVcQsXp3TYUmeD7FSa-hA,Food
44,MiVcQsXp3TYUmeD7FSa-hA,Sandwiches
45,MiVcQsXp3TYUmeD7FSa-hA,Restaurants
46,2agDSZF593OlXDj7SZtVxw,Day Spas
47,2agDSZF593OlXDj7SZtVxw,Hair Removal
48,2agDSZF593OlXDj7SZtVxw,Massage
49,2agDSZF593OlXDj7SZtVxw,Beauty & Spas
50,R37sFq0FJOdnoBxpoJbtWA,Automotive
51,R37sFq0FJOdnoBxpoJbtWA,Gas & Service Stations
52,y1oqe6pFYzQK08evy8vlLg,Oil Change Stations
53,y1oqe6pFYzQK08evy8vlLg,Automotive
54,_IwgdSjrIMwAcQdeLNhcZQ,Bars
55,_IwgdSjrIMwAcQdeLNhcZQ,Nightlife
56,ClluhYAaVzuoha89uJmr7g,Local Services
57,ClluhYAaVzuoha89uJmr7g,Dry Cleaning & Laundry
58,6fvsIZmmecvphJDiuDFR9w,Pet Services
59,6fvsIZmmecvphJDiuDFR9w,Pet Groomers
60,6fvsIZmmecvphJDiuDFR9w,Pet Training
61,6fvsIZmmecvphJDiuDFR9w,Pets
62,6fvsIZmmecvphJDiuDFR9w,Pet Stores
63,tl9XIP5trlkcuSfTQqe5jg,Fast Food
64,tl9XIP5trlkcuSfTQqe5jg,Restaurants
65,6zXaBSWYQThXT5z9IDY8lw,Hair Salons
66,6zXaBSWYQThXT5z9IDY8lw,Barbers
67,6zXaBSWYQThXT5z9IDY8lw,Men's Hair Salons
68,6zXaBSWYQThXT5z9IDY8lw,Beauty & Spas
69,lUoiT_fR73R8eMiiIcqMLA,Hotels & Travel
70,lUoiT_fR73R8eMiiIcqMLA,Event Planning & Services
71,lUoiT_fR73R8eMiiIcqMLA,Hotels
72,W0eocyGliMbg8NScqERaiA,Champagne Bars
73,W0eocyGliMbg8NScqERaiA,Bars
74,W0eocyGliMbg8NScqERaiA,Nightlife
75,W0eocyGliMbg8NScqERaiA,Lounges
76,0A8myHrHPpiZGvGyFIBA1w,Doctors
77,0A8myHrHPpiZGvGyFIBA1w,Health & Medical
78,J8T6Fu7RSczrflZ5rC6wvQ,Electricians
79,J8T6Fu7RSczrflZ5rC6wvQ,Home Services
80,J8T6Fu7RSczrflZ5rC6wvQ,Heating & Air Conditioning/HVAC
81,J8T6Fu7RSczrflZ5rC6wvQ,Contractors
82,wAs-stW0HP6OXVXdpawnBQ,Vietnamese
83,wAs-stW0HP6OXVXdpawnBQ,Restaurants
84,5CfsPNHmj7J8l1qXk-USsw,Local Services
85,5CfsPNHmj7J8l1qXk-USsw,Appliances & Repair
86,sbD4f8aOsXZ6PJYh1kN4Ag,Shopping Centers
87,sbD4f8aOsXZ6PJYh1kN4Ag,Fashion
88,sbD4f8aOsXZ6PJYh1kN4Ag,Shopping
89,sbD4f8aOsXZ6PJYh1kN4Ag,Department Stores
90,sbD4f8aOsXZ6PJYh1kN4Ag,Venues & Event Spaces
91,sbD4f8aOsXZ6PJYh1kN4Ag,Event Planning & Services
92,vf5AdVCI7rEvXF2Falgp_w,Hotels & Travel
93,vf5AdVCI7rEvXF2Falgp_w,Event Planning & Services
94,vf5AdVCI7rEvXF2Falgp_w,Hotels
95,gtQzAiy7D-dPU8WzT3jX3Q,Women's Clothing
96,gtQzAiy7D-dPU8WzT3jX3Q,Fashion
97,gtQzAiy7D-dPU8WzT3jX3Q,Shopping
98,As7RemQnYJskIBPWUh3MIg,Nightlife
99,As7RemQnYJskIBPWUh3MIg,Dance Clubs
100,nV_7lAYFVISEs-Te4e39gA,Lighting Fixtures & Equipment
101,nV_7lAYFVISEs-Te4e39gA,Home Services
102,i-jP5qyR1Sqp9_Fjp2rJ5w,Car Wash
103,i-jP5qyR1Sqp9_Fjp2rJ5w,Automotive
104,59IPTGX3P6gxpIFYYv1kZg,Shopping
105,59IPTGX3P6gxpIFYYv1kZg,Home & Garden
106,59IPTGX3P6gxpIFYYv1kZg,Furniture Stores
107,HfWkdqxegjiGEXzI8j7Wwg,Shopping
108,HfWkdqxegjiGEXzI8j7Wwg,Drugstores
109,HfWkdqxegjiGEXzI8j7Wwg,Beauty & Spas
110,HfWkdqxegjiGEXzI8j7Wwg,Food
111,HfWkdqxegjiGEXzI8j7Wwg,Convenience Stores
112,HfWkdqxegjiGEXzI8j7Wwg,Cosmetics & Beauty Supply
113,2KAOVu8cloYC7xC6IGFGIQ,Banks & Credit Unions
114,2KAOVu8cloYC7xC6IGFGIQ,Financial Services
115,31bXixwy2GNmRlhpl21reA,Kitchen & Bath
116,31bXixwy2GNmRlhpl21reA,Shopping
117,31bXixwy2GNmRlhpl21reA,Home & Garden
118,o_YqpIrK0-9F7Q7ggtCSrg,Department Stores
119,o_YqpIrK0-9F7Q7ggtCSrg,Sporting Goods
120,o_YqpIrK0-9F7Q7ggtCSrg,Fashion
121,o_YqpIrK0-9F7Q7ggtCSrg,Shopping
122,o_YqpIrK0-9F7Q7ggtCSrg,Sports Wear
123,xvCWAzIS_EpTwDIUVhY_Og,Burgers
124,xvCWAzIS_EpTwDIUVhY_Og,Fast Food
125,xvCWAzIS_EpTwDIUVhY_Og,Restaurants
126,nKrUueeLiIAeMH8nGhdh3A,Fast Food
127,nKrUueeLiIAeMH8nGhdh3A,Restaurants
128,h3suimHlSVRu9V_AJxbbGw,Kitchen & Bath
129,h3suimHlSVRu9V_AJxbbGw,Shopping
130,h3suimHlSVRu9V_AJxbbGw,Home Decor
131,h3suimHlSVRu9V_AJxbbGw,Home & Garden
132,WoFq0FJFMHAOZ_Cog2NTUw,Home Services
133,WoFq0FJFMHAOZ_Cog2NTUw,Real Estate
134,WoFq0FJFMHAOZ_Cog2NTUw,Apartments
135,fI2DvmH3ikpZnVaxWyL66Q,Active Life
136,fI2DvmH3ikpZnVaxWyL66Q,Swimming Pools
137,fI2DvmH3ikpZnVaxWyL66Q,Parks
138,-tNGtyL1Tx20Od4npKkdcg,Fashion
139,-tNGtyL1Tx20Od4npKkdcg,Shopping
140,-tNGtyL1Tx20Od4npKkdcg,Shoe Stores
141,RxYntP8Gsu9hH6gtGjQGVw,Food
142,RxYntP8Gsu9hH6gtGjQGVw,Seafood
143,RxYntP8Gsu9hH6gtGjQGVw,Seafood Markets
144,RxYntP8Gsu9hH6gtGjQGVw,Specialty Food
145,RxYntP8Gsu9hH6gtGjQGVw,Barbeque
146,RxYntP8Gsu9hH6gtGjQGVw,Restaurants
147,ECtNrwcl5P74qwVGFi3hoQ,Property Management
148,ECtNrwcl5P74qwVGFi3hoQ,Home Services
149,ECtNrwcl5P74qwVGFi3hoQ,Real Estate
150,CqhsIZ7TzCfJTrZqg5-gqQ,Nightlife
151,CqhsIZ7TzCfJTrZqg5-gqQ,Bars
152,CqhsIZ7TzCfJTrZqg5-gqQ,American (Traditional)
153,CqhsIZ7TzCfJTrZqg5-gqQ,Sports Bars
154,CqhsIZ7TzCfJTrZqg5-gqQ,Restaurants
155,rV1WnfnwepMajkwY4Vtoag,Sporting Goods
156,rV1WnfnwepMajkwY4Vtoag,Shopping
157,rV1WnfnwepMajkwY4Vtoag,Outdoor Gear
158,_yGo2ubkwQPXcKrdcURSNw,Hotels & Travel
159,_yGo2ubkwQPXcKrdcURSNw,Event Planning & Services
160,_yGo2ubkwQPXcKrdcURSNw,Hotels
161,hBhIdGHnOrybzw-VuGuBig,Medical Centers
162,hBhIdGHnOrybzw-VuGuBig,Health & Medical
163,ChmqODwuYP1ewjmWXtxtsg,Chinese
164,ChmqODwuYP1ewjmWXtxtsg,Restaurants
165,nBqXILuCGVZ4-aPuRKjCCg,Mexican
166,nBqXILuCGVZ4-aPuRKjCCg,Restaurants
167,qXafmRQz-kXnEKkjsLoAxw,Arts & Entertainment
168,iVnEnR4uv2_J9VyV46boeA,Photographers
169,iVnEnR4uv2_J9VyV46boeA,Event Planning & Services
170,IW9yHeqnFCEbO5s1UCrqeA,Bakeries
171,IW9yHeqnFCEbO5s1UCrqeA,Food
172,IW9yHeqnFCEbO5s1UCrqeA,Desserts
173,KUBfTctWDelcgQwW8t4GxQ,Financial Services
174,KUBfTctWDelcgQwW8t4GxQ,Insurance
175,GtSBeSaMK9aNJT8Ka4GkDQ,Doctors
176,GtSBeSaMK9aNJT8Ka4GkDQ,Health & Medical
177,GtSBeSaMK9aNJT8Ka4GkDQ,Obstetricians & Gynecologists
178,s9D-UVxljO05xWTI33MjnA,Fast Food
179,s9D-UVxljO05xWTI33MjnA,Restaurants
180,2Bd3gy5lmINZ-2QxXVRLdA,Food
181,2Bd3gy5lmINZ-2QxXVRLdA,Coffee & Tea
182,2Bd3gy5lmINZ-2QxXVRLdA,Internet Cafes
183,Xa-NZsGIIU9BWrFetK0EvA,Sporting Goods
184,Xa-NZsGIIU9BWrFetK0EvA,Fashion
185,Xa-NZsGIIU9BWrFetK0EvA,Shopping
186,Xa-NZsGIIU9BWrFetK0EvA,Sports Wear
187,TXOC9oDwBA9tI3vNBlkFbw,Bridal
188,TXOC9oDwBA9tI3vNBlkFbw,Shopping
189,-KF9RQPkmIOHfE0tzUu9bg,Food
190,-KF9RQPkmIOHfE0tzUu9bg,Donuts
191,6w_k3NCXF_p8UTWDxpOF5w,American (Traditional)
192,6w_k3NCXF_p8UTWDxpOF5w,Comfort Food
193,6w_k3NCXF_p8UTWDxpOF5w,Restaurants
194,8ZFPlegggez_VSoBoqRFvg,Barbers
195,8ZFPlegggez_VSoBoqRFvg,Beauty & Spas
196,yvSVDO3llx9Eg2lNreJqmg,Sporting Goods
197,yvSVDO3llx9Eg2lNreJqmg,Fashion
198,yvSVDO3llx9Eg2lNreJqmg,Shopping
199,yvSVDO3llx9Eg2lNreJqmg,Sports Wear
200,Atbyj1_dXFUDysgvGKMdbw,Beauty & Spas
201,Atbyj1_dXFUDysgvGKMdbw,Nail Salons
202,1zM7busmXUfYrbNiIHIcuw,Go Karts
203,1zM7busmXUfYrbNiIHIcuw,Arts & Entertainment
204,1zM7busmXUfYrbNiIHIcuw,Golf
205,1zM7busmXUfYrbNiIHIcuw,Arcades
206,1zM7busmXUfYrbNiIHIcuw,Active Life
207,1zM7busmXUfYrbNiIHIcuw,Mini Golf
208,MwIM3O0p8V_y2ttXz0_xGw,Pediatric Dentists
209,MwIM3O0p8V_y2ttXz0_xGw,Health & Medical
210,MwIM3O0p8V_y2ttXz0_xGw,Dentists
211,MwIM3O0p8V_y2ttXz0_xGw,Orthodontists
212,MFxhYRVqFcEZC009-6yfOw,Local Flavor
213,_DZfwU9dE9Q5I1-1jiM1vQ,Bars
214,_DZfwU9dE9Q5I1-1jiM1vQ,Pizza
215,_DZfwU9dE9Q5I1-1jiM1vQ,Nightlife
216,_DZfwU9dE9Q5I1-1jiM1vQ,Restaurants
217,i52eORoeWujZ9y_w3Dos5Q,Shopping Centers
218,i52eORoeWujZ9y_w3Dos5Q,Grocery
219,i52eORoeWujZ9y_w3Dos5Q,Shopping
220,i52eORoeWujZ9y_w3Dos5Q,Food
221,i52eORoeWujZ9y_w3Dos5Q,Ethnic Food
222,i52eORoeWujZ9y_w3Dos5Q,Specialty Food
223,6QolvUp7cFFIWKRnJnh3GQ,Professional Services
224,6QolvUp7cFFIWKRnJnh3GQ,Home Services
225,6QolvUp7cFFIWKRnJnh3GQ,Internet Service Providers
226,AZqwEahCRmVpyMm-OzueGQ,Beauty & Spas
227,AZqwEahCRmVpyMm-OzueGQ,Nail Salons
228,z4GddMQN7_GqT8SYj4S0aw,Arts & Entertainment
229,z4GddMQN7_GqT8SYj4S0aw,Festivals
230,z4GddMQN7_GqT8SYj4S0aw,Local Flavor
231,9ggd0DySEZNw990JGaFSQQ,Shopping Centers
232,9ggd0DySEZNw990JGaFSQQ,Shopping
233,lK408BRA42pDIwk89dxSVQ,Hotels & Travel
234,lK408BRA42pDIwk89dxSVQ,Event Planning & Services
235,lK408BRA42pDIwk89dxSVQ,Hotels
236,sSJeLgg3bQTR3vHkkJd9rQ,Women's Clothing
237,sSJeLgg3bQTR3vHkkJd9rQ,Fashion
238,sSJeLgg3bQTR3vHkkJd9rQ,Shopping
239,9nJi8n5l7ufJZ9PbhNJT8w,Hardware Stores
240,9nJi8n5l7ufJZ9PbhNJT8w,Nurseries & Gardening
241,9nJi8n5l7ufJZ9PbhNJT8w,Shopping
242,9nJi8n5l7ufJZ9PbhNJT8w,Appliances
243,9nJi8n5l7ufJZ9PbhNJT8w,Home & Garden
244,EeQlS9VLlfWT25-MeYsJTg,Mexican
245,EeQlS9VLlfWT25-MeYsJTg,Restaurants
246,4lmMryYEDFbRVLAJVSTKEg,Tanning
247,4lmMryYEDFbRVLAJVSTKEg,Beauty & Spas
248,BuQUeOTJychkWdyqQfA7Gg,Beauty & Spas
249,BuQUeOTJychkWdyqQfA7Gg,Nail Salons
250,rwMuRGUUsXBYv8Wgiw1Qpw,Web Design
251,rwMuRGUUsXBYv8Wgiw1Qpw,Marketing
252,rwMuRGUUsXBYv8Wgiw1Qpw,Professional Services
253,yC3ydbHAJTZ22FZp4LynFg,Filipino
254,yC3ydbHAJTZ22FZp4LynFg,Restaurants
255,XRdwAqzuG_SwVFFlOzLmEQ,Bars
256,XRdwAqzuG_SwVFFlOzLmEQ,American (New)
257,XRdwAqzuG_SwVFFlOzLmEQ,Nightlife
258,XRdwAqzuG_SwVFFlOzLmEQ,Restaurants
259,xEqfRXaHgX-SpiTyB66anQ,Auto Repair
260,xEqfRXaHgX-SpiTyB66anQ,Automotive
261,xEqfRXaHgX-SpiTyB66anQ,Tires
262,vSFo-dxhQN9gWMaGdiNNFQ,Photographers
263,vSFo-dxhQN9gWMaGdiNNFQ,Event Planning & Services
264,fHssE8P0JYd4sEcMTR9WdQ,Barbers
265,fHssE8P0JYd4sEcMTR9WdQ,Beauty & Spas
266,IWwt0vm8lYbVoyGSPd2Z9A,American (Traditional)
267,IWwt0vm8lYbVoyGSPd2Z9A,Barbeque
268,IWwt0vm8lYbVoyGSPd2Z9A,Restaurants
269,oxsCvEkQNNIbOPDt_QK_0A,Pakistani
270,oxsCvEkQNNIbOPDt_QK_0A,Indian
271,oxsCvEkQNNIbOPDt_QK_0A,Restaurants
272,tXYFkBqCwAvIj-fqJXlSvQ,Hotels & Travel
273,tXYFkBqCwAvIj-fqJXlSvQ,Event Planning & Services
274,tXYFkBqCwAvIj-fqJXlSvQ,Hotels
275,pSiR8m18iick2D7TFdmb-Q,Chinese
276,pSiR8m18iick2D7TFdmb-Q,Restaurants
277,GBN0-wo_cHLnC_pwoOTIFQ,Asian Fusion
278,GBN0-wo_cHLnC_pwoOTIFQ,Restaurants
279,-NrEcXQ0qioMwkRsgoq8Kw,Property Management
280,-NrEcXQ0qioMwkRsgoq8Kw,Home Services
281,-NrEcXQ0qioMwkRsgoq8Kw,Real Estate
282,rO1BrNjNKcbPlyAdhjGTiw,Local Services
283,rO1BrNjNKcbPlyAdhjGTiw,Community Service/Non-Profit
284,-8Z6AiHwXInpnl6Q1Ey_5w,Sporting Goods
285,-8Z6AiHwXInpnl6Q1Ey_5w,Bikes
286,-8Z6AiHwXInpnl6Q1Ey_5w,Shopping
287,iZpgRNPogioU5sEaDyl5uw,Chinese
288,iZpgRNPogioU5sEaDyl5uw,Restaurants
289,lLC7pJSpnF9CDfL9Gbg-Sg,Food
290,lLC7pJSpnF9CDfL9Gbg-Sg,Grocery
291,Fo1ttGuJfqKkbUCBVSNxXg,Tobacco Shops
292,Fo1ttGuJfqKkbUCBVSNxXg,Shopping
293,-_K8AE722c1u9Dsa8jo_vg,Shopping
294,-_K8AE722c1u9Dsa8jo_vg,Nurseries & Gardening
295,-_K8AE722c1u9Dsa8jo_vg,Home & Garden
296,Cr2JNnewX53TYd9w6qw6Jw,Burgers
297,Cr2JNnewX53TYd9w6qw6Jw,Restaurants
298,04SKYBXRAqeYIuuVDzwKNg,Tex-Mex
299,04SKYBXRAqeYIuuVDzwKNg,Restaurants
300,U9mhPrFfu-r-Z-HiGDU7YA,Doctors
301,U9mhPrFfu-r-Z-HiGDU7YA,Health & Medical
302,NQ9k6FFG5IkylMdM8cQnmQ,Shopping
303,NQ9k6FFG5IkylMdM8cQnmQ,Drugstores
304,C5u1iFCgPp5wENbxaqIQPA,Videographers
305,C5u1iFCgPp5wENbxaqIQPA,Event Planning & Services
306,DDnmNTvIIQu2t3WZ2EQx-w,American (Traditional)
307,DDnmNTvIIQu2t3WZ2EQx-w,Mexican
308,DDnmNTvIIQu2t3WZ2EQx-w,Restaurants
309,Ih1TGSZyu2Q8htn2JA4tIA,German
310,Ih1TGSZyu2Q8htn2JA4tIA,Restaurants
311,FCcFT610nQBVcRdY-devQA,Wine Bars
312,FCcFT610nQBVcRdY-devQA,Bars
313,FCcFT610nQBVcRdY-devQA,American (New)
314,FCcFT610nQBVcRdY-devQA,Nightlife
315,FCcFT610nQBVcRdY-devQA,Restaurants
316,6n_YkYKnr5clOlVZ5Kerxw,Health & Medical
317,6n_YkYKnr5clOlVZ5Kerxw,Dentists
318,6n_YkYKnr5clOlVZ5Kerxw,General Dentistry
319,50cJrzHLMDQiazc-w0V2gA,Hotels & Travel
320,50cJrzHLMDQiazc-w0V2gA,Event Planning & Services
321,50cJrzHLMDQiazc-w0V2gA,Hotels
322,hqfP4ovbIa3VIaaPFBeAyQ,Tires
323,hqfP4ovbIa3VIaaPFBeAyQ,Automotive
324,532kW_MNHlg64rz0eIn-ug,Neurologist
325,532kW_MNHlg64rz0eIn-ug,Doctors
326,532kW_MNHlg64rz0eIn-ug,Health & Medical
327,FYd577ZRO9xMdmpDL7XKcQ,Churches
328,FYd577ZRO9xMdmpDL7XKcQ,Religious Organizations
329,cEmQQibOSXDatgVuOPAy1w,Shopping
330,cEmQQibOSXDatgVuOPAy1w,Interior Design
331,cEmQQibOSXDatgVuOPAy1w,Home Services
332,cEmQQibOSXDatgVuOPAy1w,Home & Garden
333,cEmQQibOSXDatgVuOPAy1w,Furniture Stores
334,w5UduCXEjPr-uSmib5oPAw,American (Traditional)
335,w5UduCXEjPr-uSmib5oPAw,Steakhouses
336,w5UduCXEjPr-uSmib5oPAw,Restaurants
337,2yMqb2Ey4PspeyLn4y2dHQ,Shopping
338,2yMqb2Ey4PspeyLn4y2dHQ,Office Equipment
339,X_J65cnN3jJWGYacyNwKGg,Barbeque
340,X_J65cnN3jJWGYacyNwKGg,Restaurants
341,n6eQomjE3b7k3TqqD0kY6g,Shopping
342,n6eQomjE3b7k3TqqD0kY6g,Outlet Stores
343,vfzUNcV9B3RhDyuZp0I1pQ,Pizza
344,vfzUNcV9B3RhDyuZp0I1pQ,Restaurants
345,0g0Z7doVpASXNiQDn9b6EA,Photographers
346,0g0Z7doVpASXNiQDn9b6EA,Event Planning & Services
347,0g0Z7doVpASXNiQDn9b6EA,Pets
348,X4lwZ6Msx9GvpDBElqsv8A,Hardware Stores
349,X4lwZ6Msx9GvpDBElqsv8A,Nurseries & Gardening
350,X4lwZ6Msx9GvpDBElqsv8A,Shopping
351,X4lwZ6Msx9GvpDBElqsv8A,Appliances
352,X4lwZ6Msx9GvpDBElqsv8A,Home & Garden
353,r_0k2yqAo1Z4tg_IgXr7Jg,Food
354,r_0k2yqAo1Z4tg_IgXr7Jg,Ice Cream & Frozen Yogurt
355,7CaKZrLu_f0I4hkngBGxUA,Massage
356,7CaKZrLu_f0I4hkngBGxUA,Beauty & Spas
357,qK8WUOFeXavZ6q4sYNNLhw,Sporting Goods
358,qK8WUOFeXavZ6q4sYNNLhw,Bikes
359,qK8WUOFeXavZ6q4sYNNLhw,Shopping
360,Y1eMoHPnhwoOcYsKxGl74g,Women's Clothing
361,Y1eMoHPnhwoOcYsKxGl74g,Fashion
362,Y1eMoHPnhwoOcYsKxGl74g,Shopping
363,Y1eMoHPnhwoOcYsKxGl74g,Accessories
364,KKAbuwTTB1aNFSj8XpnEpw,Beauty & Spas
365,KKAbuwTTB1aNFSj8XpnEpw,Health & Medical
366,KKAbuwTTB1aNFSj8XpnEpw,Medical Spas
367,qjmCVYkwP-HDa35jwYucbQ,Vegetarian
368,qjmCVYkwP-HDa35jwYucbQ,American (New)
369,qjmCVYkwP-HDa35jwYucbQ,Salad
370,qjmCVYkwP-HDa35jwYucbQ,Restaurants
371,2jg5fV6orXdfBW6420mA3w,Automotive
372,2jg5fV6orXdfBW6420mA3w,Towing
373,r2DS-PqOMA35EssB47SWNg,Bakeries
374,r2DS-PqOMA35EssB47SWNg,Food
375,r2DS-PqOMA35EssB47SWNg,Cafes
376,r2DS-PqOMA35EssB47SWNg,Restaurants
377,GcBgWPwxAlo2l4M7BrBMyA,Tires
378,GcBgWPwxAlo2l4M7BrBMyA,Automotive
379,GcBgWPwxAlo2l4M7BrBMyA,Auto Repair
380,8ojKlhgQ4EmwB85tq9Dp-A,Nutritionists
381,8ojKlhgQ4EmwB85tq9Dp-A,Boot Camps
382,8ojKlhgQ4EmwB85tq9Dp-A,Health & Medical
383,8ojKlhgQ4EmwB85tq9Dp-A,Trainers
384,8ojKlhgQ4EmwB85tq9Dp-A,Fitness & Instruction
385,8ojKlhgQ4EmwB85tq9Dp-A,Active Life
386,07UqHgBkJ4Kach2sVT2FdQ,Local Services
387,07UqHgBkJ4Kach2sVT2FdQ,Pest Control
388,hAzND4GmUhiLlnZuNpS71g,Car Wash
389,hAzND4GmUhiLlnZuNpS71g,Automotive
390,AYUsvTmTcC31y36A2L3hPQ,Home Services
391,AYUsvTmTcC31y36A2L3hPQ,Real Estate
392,AYUsvTmTcC31y36A2L3hPQ,Apartments
393,Xqh9wCLzlt7ChkrV9BdR2Q,Sandwiches
394,Xqh9wCLzlt7ChkrV9BdR2Q,Pizza
395,Xqh9wCLzlt7ChkrV9BdR2Q,Chicken Wings
396,Xqh9wCLzlt7ChkrV9BdR2Q,Restaurants
397,Jje3kP5CNasYDSpH0NPRGQ,Restaurants
398,Jje3kP5CNasYDSpH0NPRGQ,Pizza
399,Jje3kP5CNasYDSpH0NPRGQ,Italian
400,k8B-ZZZezlXYLE7YC7FvQg,Gardeners
401,k8B-ZZZezlXYLE7YC7FvQg,Landscaping
402,k8B-ZZZezlXYLE7YC7FvQg,Tree Services
403,k8B-ZZZezlXYLE7YC7FvQg,Home Services
404,vYTzbaemujdD4K4p18hNlw,Pediatric Dentists
405,vYTzbaemujdD4K4p18hNlw,Health & Medical
406,vYTzbaemujdD4K4p18hNlw,Dentists
407,eD3gubPVM3MyAXXnyE-K3g,Local Services
408,eD3gubPVM3MyAXXnyE-K3g,Couriers & Delivery Services
409,eD3gubPVM3MyAXXnyE-K3g,Shipping Centers
410,zRxSXco0Fs42aPzR6rJSzw,Shopping
411,zRxSXco0Fs42aPzR6rJSzw,Optometrists
412,zRxSXco0Fs42aPzR6rJSzw,Health & Medical
413,zRxSXco0Fs42aPzR6rJSzw,Eyewear & Opticians
414,y3V2jqKmvWjyo9Mc-Ipn4g,Pakistani
415,y3V2jqKmvWjyo9Mc-Ipn4g,Indian
416,y3V2jqKmvWjyo9Mc-Ipn4g,Buffets
417,y3V2jqKmvWjyo9Mc-Ipn4g,Restaurants
418,R53UdKGf8uKUIqErS4vc0g,Mexican
419,R53UdKGf8uKUIqErS4vc0g,Restaurants
420,3RCa_Qq-j1yaySmdDvYwZw,Doctors
421,3RCa_Qq-j1yaySmdDvYwZw,Health & Medical
422,3RCa_Qq-j1yaySmdDvYwZw,Podiatrists
423,7cP7WFmWiTVh-raIL3N_Vw,Bars
424,7cP7WFmWiTVh-raIL3N_Vw,American (New)
425,7cP7WFmWiTVh-raIL3N_Vw,Nightlife
426,7cP7WFmWiTVh-raIL3N_Vw,Restaurants
427,S0mTCni_l8jK0cYj8K8dLA,Fast Food
428,S0mTCni_l8jK0cYj8K8dLA,Restaurants
429,ElEF5b3n27IBzbA4R-1M1g,Food
430,ElEF5b3n27IBzbA4R-1M1g,Street Vendors
431,ElEF5b3n27IBzbA4R-1M1g,Barbeque
432,ElEF5b3n27IBzbA4R-1M1g,Restaurants
433,W3VsNhHLMRj5ABMdMcpaUw,Food
434,W3VsNhHLMRj5ABMdMcpaUw,Specialty Food
435,W3VsNhHLMRj5ABMdMcpaUw,Mediterranean
436,W3VsNhHLMRj5ABMdMcpaUw,Restaurants
437,U7KGTH26f4uyKXCHt4A4cw,Department Stores
438,U7KGTH26f4uyKXCHt4A4cw,Fashion
439,U7KGTH26f4uyKXCHt4A4cw,Shopping
440,U7KGTH26f4uyKXCHt4A4cw,Home & Garden
441,U7KGTH26f4uyKXCHt4A4cw,Furniture Stores
442,VVxzmzGoRbjVV7P5bQcLfg,Tobacco Shops
443,VVxzmzGoRbjVV7P5bQcLfg,Shopping
444,gocKJln2Icy2IyCunB1eOA,Tobacco Shops
445,gocKJln2Icy2IyCunB1eOA,Shopping
446,ZXlO9S1MG2I-L5uLSF-nPA,Mexican
447,ZXlO9S1MG2I-L5uLSF-nPA,Restaurants
448,-x_jL2OCWPdObGTOwIpN4w,Food
449,-x_jL2OCWPdObGTOwIpN4w,Coffee & Tea
450,7KCLeDNdFDkdoA6MUavxwQ,Mexican
451,7KCLeDNdFDkdoA6MUavxwQ,Restaurants
452,-pujUWl_QknGnW6x_hvWUg,Post Offices
453,-pujUWl_QknGnW6x_hvWUg,Public Services & Government
454,2kZiyGqzB5Lnc0cZgHCOfw,Active Life
455,2kZiyGqzB5Lnc0cZgHCOfw,Gyms
456,2kZiyGqzB5Lnc0cZgHCOfw,Trainers
457,2kZiyGqzB5Lnc0cZgHCOfw,Fitness & Instruction
458,Zk584MLn3STVm1ZXpABSmA,Chicken Wings
459,Zk584MLn3STVm1ZXpABSmA,Restaurants
460,y6uO4ydAwBHUujfiSktxZg,Mexican
461,y6uO4ydAwBHUujfiSktxZg,Restaurants
462,uaL1-3F-L-BbgQalu8GVSw,Food
463,uaL1-3F-L-BbgQalu8GVSw,Desserts
464,LibQv6uJiktJh7U3beNA2g,Chinese
465,LibQv6uJiktJh7U3beNA2g,Restaurants
466,iZdynPTpKwbX5O3uLeC9Gg,Greek
467,iZdynPTpKwbX5O3uLeC9Gg,Mediterranean
468,iZdynPTpKwbX5O3uLeC9Gg,Restaurants
469,NliiPZFKgFIRb34Qb_H-TA,Barbers
470,NliiPZFKgFIRb34Qb_H-TA,Beauty & Spas
471,tA2DT7CGQPzgA6tTcTkXDw,Wine Bars
472,tA2DT7CGQPzgA6tTcTkXDw,Bars
473,tA2DT7CGQPzgA6tTcTkXDw,Restaurants
474,tA2DT7CGQPzgA6tTcTkXDw,Nightlife
475,tA2DT7CGQPzgA6tTcTkXDw,Italian
476,q7w9tokdouwt0vEEzsRqxg,Hotels & Travel
477,q7w9tokdouwt0vEEzsRqxg,Event Planning & Services
478,q7w9tokdouwt0vEEzsRqxg,Hotels
479,UPbkeVTJR6C-1I7sCuUrmw,Mexican
480,UPbkeVTJR6C-1I7sCuUrmw,Restaurants
481,E_8a66uqjHXsvb4tdGnkXA,Hotels & Travel
482,E_8a66uqjHXsvb4tdGnkXA,Event Planning & Services
483,E_8a66uqjHXsvb4tdGnkXA,Hotels
484,H0E9GjZqhEuWAIF1orTZ4A,Marketing
485,H0E9GjZqhEuWAIF1orTZ4A,Professional Services
486,Kg2RgeF6l6gEem8XhTx5kQ,Automotive
487,Kg2RgeF6l6gEem8XhTx5kQ,Auto Glass Services
488,xun1GBrZzChBLHY6NrsnMg,Tires
489,xun1GBrZzChBLHY6NrsnMg,Automotive
490,yMUVflS-2SnOGafXmdHy6w,Vietnamese
491,yMUVflS-2SnOGafXmdHy6w,Restaurants
492,OwdsyLWc_uPts_V2mQRD4w,Tires
493,OwdsyLWc_uPts_V2mQRD4w,Automotive
494,5kW3gHsqag1WD6Z1_HD54Q,Food
495,5kW3gHsqag1WD6Z1_HD54Q,Coffee & Tea
496,cIPzndsbagQGj9U1sLqLtA,Pet Services
497,cIPzndsbagQGj9U1sLqLtA,Pets
498,wqLEZpKy3qfE372OPAB4Pg,Fast Food
499,wqLEZpKy3qfE372OPAB4Pg,Restaurants
500,LzreyGNkVTYw4JFuSxWstA,Middle Eastern
501,LzreyGNkVTYw4JFuSxWstA,Restaurants
502,NleiJA9dpfKjhxe0cCD1MA,Wine Bars
503,NleiJA9dpfKjhxe0cCD1MA,Bars
504,NleiJA9dpfKjhxe0cCD1MA,Nightlife
505,NleiJA9dpfKjhxe0cCD1MA,Restaurants
506,m2N5lcfXv5I2TVcXcMTtOw,Active Life
507,m2N5lcfXv5I2TVcXcMTtOw,Parks
508,_BO7_ulfZdLbknZBc1Tj0Q,Dive Bars
509,_BO7_ulfZdLbknZBc1Tj0Q,Bars
510,_BO7_ulfZdLbknZBc1Tj0Q,Nightlife
511,2e1jzfiHFGCRpV66gYNVbA,Food
512,2e1jzfiHFGCRpV66gYNVbA,Health Markets
513,2e1jzfiHFGCRpV66gYNVbA,Grocery
514,2e1jzfiHFGCRpV66gYNVbA,Specialty Food
515,L9UYbtAUOcfTgZFimehlXw,Food
516,L9UYbtAUOcfTgZFimehlXw,Coffee & Tea
517,L9UYbtAUOcfTgZFimehlXw,American (New)
518,L9UYbtAUOcfTgZFimehlXw,Restaurants
519,Lw5HqHiaH8Xag5rIF6nDsw,Day Spas
520,Lw5HqHiaH8Xag5rIF6nDsw,Beauty & Spas
521,WEUgyNNslbwhqYgku8Gt3Q,Italian
522,WEUgyNNslbwhqYgku8Gt3Q,Pizza
523,WEUgyNNslbwhqYgku8Gt3Q,Restaurants
524,5wefpQ4OhJ4srP6j1vLTWw,Tanning
525,5wefpQ4OhJ4srP6j1vLTWw,Beauty & Spas
526,JyqLejwP2CJ4KqdG9fOxDg,Food
527,JyqLejwP2CJ4KqdG9fOxDg,Coffee & Tea
528,ealuKGLqWQ8VsOU12hq4sA,Restaurants
529,ealuKGLqWQ8VsOU12hq4sA,Italian
530,tbV2PnTuo7xo1O0RVFzhdg,Home Services
531,tbV2PnTuo7xo1O0RVFzhdg,Real Estate
532,tbV2PnTuo7xo1O0RVFzhdg,Apartments
533,Sodko0hlMg7F5doNJGKcWQ,American (Traditional)
534,Sodko0hlMg7F5doNJGKcWQ,Restaurants
535,mBM3e0DHU9T2r_mfojSciQ,Soul Food
536,mBM3e0DHU9T2r_mfojSciQ,Seafood
537,mBM3e0DHU9T2r_mfojSciQ,Restaurants
538,bKRpIJvOxh65a-koMa1V7w,Food
539,bKRpIJvOxh65a-koMa1V7w,Pretzels
540,4dAvlk4JufJKX3bYB6YLCQ,Food
541,4dAvlk4JufJKX3bYB6YLCQ,Coffee & Tea
542,60SySAM54mgQiuDUMdD-Xg,Hotels & Travel
543,60SySAM54mgQiuDUMdD-Xg,Airlines
544,60SySAM54mgQiuDUMdD-Xg,Transportation
545,ev8vAH833VRrhTKmj7ruSg,Keys & Locksmiths
546,ev8vAH833VRrhTKmj7ruSg,Home Services
547,9du6Q4vCoQm2tHJDTmWaSg,Optometrists
548,9du6Q4vCoQm2tHJDTmWaSg,Health & Medical
549,HghAgkxoEpUNZNQbAY485A,Pizza
550,HghAgkxoEpUNZNQbAY485A,Restaurants
551,3DIG0gD6rL7AmukW3cdeKg,Auto Repair
552,3DIG0gD6rL7AmukW3cdeKg,Automotive
553,xFPNicZcCicp8RVqz1Ic6Q,Massage
554,xFPNicZcCicp8RVqz1Ic6Q,Beauty & Spas
555,IMoQsloWZUCeC3Unw2j8KQ,Hair Salons
556,IMoQsloWZUCeC3Unw2j8KQ,Beauty & Spas
557,IMoQsloWZUCeC3Unw2j8KQ,Nail Salons
558,XF1g7-1TyTMUMG1qMovlRg,Musical Instruments & Teachers
559,XF1g7-1TyTMUMG1qMovlRg,Shopping
560,1U__JyhW9eiZ2z4djki1WA,Local Services
561,1U__JyhW9eiZ2z4djki1WA,Shipping Centers
562,1U__JyhW9eiZ2z4djki1WA,Printing Services
563,UtUXhKh7vOVvWJF48IzJvQ,Gluten-Free
564,UtUXhKh7vOVvWJF48IzJvQ,Asian Fusion
565,UtUXhKh7vOVvWJF48IzJvQ,Chinese
566,UtUXhKh7vOVvWJF48IzJvQ,Restaurants
567,ZYC0V0cbsrH3Mjhn-68qwg,Hair Salons
568,ZYC0V0cbsrH3Mjhn-68qwg,Hair Extensions
569,ZYC0V0cbsrH3Mjhn-68qwg,Beauty & Spas
570,NJTIb6bro3gmfo7Gp6rDLg,Restaurants
571,NJTIb6bro3gmfo7Gp6rDLg,Mexican
572,NJTIb6bro3gmfo7Gp6rDLg,Event Planning & Services
573,NJTIb6bro3gmfo7Gp6rDLg,Caterers
574,N8xl5Wroth6Z-JZlJHQwPw,Pizza
575,N8xl5Wroth6Z-JZlJHQwPw,Restaurants
576,4THtcoUYIAW0qBLH7ABG7Q,Food
577,4THtcoUYIAW0qBLH7ABG7Q,Specialty Food
578,4THtcoUYIAW0qBLH7ABG7Q,Candy Stores
579,W_KPYn5tKfAOY6Blz26acw,Burgers
580,W_KPYn5tKfAOY6Blz26acw,Fast Food
581,W_KPYn5tKfAOY6Blz26acw,Restaurants
582,g_tnebb_MhibQU6dC6J0GQ,Active Life
583,g_tnebb_MhibQU6dC6J0GQ,Golf
584,u3HMalNH-xBgZUXjnH3O6Q,Professional Services
585,u3HMalNH-xBgZUXjnH3O6Q,Television Service Providers
586,u3HMalNH-xBgZUXjnH3O6Q,Home Services
587,u3HMalNH-xBgZUXjnH3O6Q,Internet Service Providers
588,5ELF1BKGUhYbDd51WM4JGA,Department Stores
589,5ELF1BKGUhYbDd51WM4JGA,Fashion
590,5ELF1BKGUhYbDd51WM4JGA,Shopping
591,WHd8fLeMeWKUK6sPyeB-UA,American (Traditional)
592,WHd8fLeMeWKUK6sPyeB-UA,Steakhouses
593,WHd8fLeMeWKUK6sPyeB-UA,Barbeque
594,WHd8fLeMeWKUK6sPyeB-UA,Restaurants
595,WUZxVr_CaRqEQgzvyeK5tw,Shopping
596,WUZxVr_CaRqEQgzvyeK5tw,Home Decor
597,WUZxVr_CaRqEQgzvyeK5tw,Home & Garden
598,WUZxVr_CaRqEQgzvyeK5tw,Furniture Stores
599,gBSqXouPT1SLn_PZlKlnJA,Hotels & Travel
600,gBSqXouPT1SLn_PZlKlnJA,Car Rental
601,HVKKDTan7kxtByDduTbuPw,Museums
602,HVKKDTan7kxtByDduTbuPw,Arts & Entertainment
603,SkiQh32UtfsRBj_l7cGwOQ,Burgers
604,SkiQh32UtfsRBj_l7cGwOQ,Fast Food
605,SkiQh32UtfsRBj_l7cGwOQ,Restaurants
606,WSpyF97ml2SUqmoDDpyXHw,Car Wash
607,WSpyF97ml2SUqmoDDpyXHw,Automotive
608,-E6XYf1ce1NCtV3QQI-3xA,American (Traditional)
609,-E6XYf1ce1NCtV3QQI-3xA,Steakhouses
610,-E6XYf1ce1NCtV3QQI-3xA,Restaurants
611,Q5sAi0_PmyUMEA0QZRzWdQ,Sandwiches
612,Q5sAi0_PmyUMEA0QZRzWdQ,Restaurants
613,XEdBJi1WZzvatmkxFEIlOw,Thrift Stores
614,XEdBJi1WZzvatmkxFEIlOw,Shopping
615,mkvWFODsaXHe5MXAyDnRWw,Barbeque
616,mkvWFODsaXHe5MXAyDnRWw,Restaurants
617,rlrSUtmUnM84AVb616Qy6Q,Shopping
618,rlrSUtmUnM84AVb616Qy6Q,Nurseries & Gardening
619,rlrSUtmUnM84AVb616Qy6Q,Home & Garden
620,N2cfx1RDmXQehmmkGDsSoA,Automotive
621,N2cfx1RDmXQehmmkGDsSoA,Gas & Service Stations
622,QujOdEd9_24YsQbVcwwszQ,Sandwiches
623,QujOdEd9_24YsQbVcwwszQ,Restaurants
624,EFxaUHb6UwOpsvIIdZk-Ng,Buffets
625,EFxaUHb6UwOpsvIIdZk-Ng,Chinese
626,EFxaUHb6UwOpsvIIdZk-Ng,Restaurants
627,HHFjjljqoH5qs7Cy1i9R4A,Mexican
628,HHFjjljqoH5qs7Cy1i9R4A,Restaurants
629,LorMcT1SQi_jS361mSKKzA,Active Life
630,LorMcT1SQi_jS361mSKKzA,Gyms
631,LorMcT1SQi_jS361mSKKzA,Fitness & Instruction
632,F5-k-QxSGuK3oGNMknFFDw,Hardware Stores
633,F5-k-QxSGuK3oGNMknFFDw,Nurseries & Gardening
634,F5-k-QxSGuK3oGNMknFFDw,Shopping
635,F5-k-QxSGuK3oGNMknFFDw,Appliances
636,F5-k-QxSGuK3oGNMknFFDw,Home & Garden
637,pz-jypT4fEPQKr9RZtVdAw,Pizza
638,pz-jypT4fEPQKr9RZtVdAw,Sandwiches
639,pz-jypT4fEPQKr9RZtVdAw,Restaurants
640,-NGrzJp0dX5pK3qdGSaspw,Hair Salons
641,-NGrzJp0dX5pK3qdGSaspw,Hair Stylists
642,-NGrzJp0dX5pK3qdGSaspw,Beauty & Spas
643,aACW1qAdOfgcU8yX61dOFw,Mexican
644,aACW1qAdOfgcU8yX61dOFw,Restaurants
645,URWorZgi-9E1ubknpZkndg,Sandwiches
646,URWorZgi-9E1ubknpZkndg,Restaurants
647,skopXMkdzP5HEcMf66ROUg,Hotels & Travel
648,skopXMkdzP5HEcMf66ROUg,Airlines
649,skopXMkdzP5HEcMf66ROUg,Transportation
650,rPp509oz4oFEdncoo7v_HA,Burgers
651,rPp509oz4oFEdncoo7v_HA,American (New)
652,rPp509oz4oFEdncoo7v_HA,Restaurants
653,od49_DFUJY9louGx80My-A,Buffets
654,od49_DFUJY9louGx80My-A,Mexican
655,od49_DFUJY9louGx80My-A,Restaurants
656,7XfT2w9Eb2Xbu-iP4xulPQ,Food
657,7XfT2w9Eb2Xbu-iP4xulPQ,Breakfast & Brunch
658,7XfT2w9Eb2Xbu-iP4xulPQ,Bagels
659,7XfT2w9Eb2Xbu-iP4xulPQ,Delis
660,7XfT2w9Eb2Xbu-iP4xulPQ,Restaurants
661,HTpBzBg3OLU-lQUqRIqoiw,Restaurants
662,kP_NxoI4DyQ1y60i5xsTCQ,Food
663,kP_NxoI4DyQ1y60i5xsTCQ,Grocery
664,kP_NxoI4DyQ1y60i5xsTCQ,Shopping
665,kP_NxoI4DyQ1y60i5xsTCQ,Drugstores
666,HoAlrcdSmHn-QmqvOJzGSQ,Damage Restoration
667,HoAlrcdSmHn-QmqvOJzGSQ,Home Services
668,_dVcQifVkqiJxqE7r4Qelw,Thrift Stores
669,_dVcQifVkqiJxqE7r4Qelw,Shopping
670,ppoQDk5EQjOJBYNEzYp9Hw,Party Supplies
671,ppoQDk5EQjOJBYNEzYp9Hw,Arts & Crafts
672,ppoQDk5EQjOJBYNEzYp9Hw,Shopping
673,ppoQDk5EQjOJBYNEzYp9Hw,Costumes
674,ppoQDk5EQjOJBYNEzYp9Hw,Event Planning & Services
675,U5NuvuevF4GelzwXsIz_Lg,Arts & Entertainment
676,xbZo8aMOOobPRzHKqmA88g,Pizza
677,xbZo8aMOOobPRzHKqmA88g,Restaurants
678,L3BSpFvxcNf3T_teitgt6A,Arts & Entertainment
679,L3BSpFvxcNf3T_teitgt6A,Stadiums & Arenas
680,vujjKuD4Vls4xKLe5MJ63Q,Vegetarian
681,vujjKuD4Vls4xKLe5MJ63Q,Hawaiian
682,vujjKuD4Vls4xKLe5MJ63Q,Restaurants
683,COc06ScpJTN15NXMf4gkqA,Local Services
684,COc06ScpJTN15NXMf4gkqA,Dry Cleaning & Laundry
685,SGGZ6l345YTww09IHxtoew,Food
686,SGGZ6l345YTww09IHxtoew,Soul Food
687,SGGZ6l345YTww09IHxtoew,American (New)
688,SGGZ6l345YTww09IHxtoew,Desserts
689,SGGZ6l345YTww09IHxtoew,Restaurants
690,LpIXmgHvAO6eQpeQe8PRTQ,Beauty & Spas
691,LpIXmgHvAO6eQpeQe8PRTQ,Nail Salons
692,lSlfbGPYtQ8bARSEiN9cYw,Fast Food
693,lSlfbGPYtQ8bARSEiN9cYw,Mexican
694,lSlfbGPYtQ8bARSEiN9cYw,Tex-Mex
695,lSlfbGPYtQ8bARSEiN9cYw,Restaurants
696,PHRBJdf5j2GqW92ArnORRw,Local Flavor
697,gfhO1Q1c7QCigu7waVpeSg,Arts & Entertainment
698,gfhO1Q1c7QCigu7waVpeSg,Cinema
699,a-U3SLb6j_M3AYzMAKwK_g,Hotels & Travel
700,a-U3SLb6j_M3AYzMAKwK_g,Event Planning & Services
701,a-U3SLb6j_M3AYzMAKwK_g,Hotels
702,N4KDipEdv7lCYYtFv-oKyg,Tanning
703,N4KDipEdv7lCYYtFv-oKyg,Beauty & Spas
704,vWoCMo8hrglD_ChW8z3brg,Tires
705,vWoCMo8hrglD_ChW8z3brg,Automotive
706,vWoCMo8hrglD_ChW8z3brg,Auto Repair
707,vWoCMo8hrglD_ChW8z3brg,Oil Change Stations
708,joxWCp6dgN-kTE9GMziwjA,Thai
709,joxWCp6dgN-kTE9GMziwjA,Restaurants
710,PsO7ilfx0aA9SgcAqA4New,Home Services
711,PsO7ilfx0aA9SgcAqA4New,Real Estate
712,PsO7ilfx0aA9SgcAqA4New,Apartments
713,E6HzAdx2vyZVyuNoa4-Xaw,Mexican
714,E6HzAdx2vyZVyuNoa4-Xaw,Restaurants
715,Y3eSWKC4W9X_2HYzOvEQDw,Optometrists
716,Y3eSWKC4W9X_2HYzOvEQDw,Health & Medical
717,-Nd5eId2iqnFvAMNgRBgpA,Mexican
718,-Nd5eId2iqnFvAMNgRBgpA,Restaurants
719,icv5iqXr_tSGcqSxomXbVA,Food
720,icv5iqXr_tSGcqSxomXbVA,Coffee & Tea
721,HLbtxdO4NjwrByexahGKbA,Day Spas
722,HLbtxdO4NjwrByexahGKbA,Massage
723,HLbtxdO4NjwrByexahGKbA,Beauty & Spas
724,yaLFW1Q8EH1Y5LlKKmLFqA,Medical Centers
725,yaLFW1Q8EH1Y5LlKKmLFqA,Health & Medical
726,bfDQai9X59uWK-XgP0t6rA,Dive Bars
727,bfDQai9X59uWK-XgP0t6rA,Bars
728,bfDQai9X59uWK-XgP0t6rA,Mexican
729,bfDQai9X59uWK-XgP0t6rA,Nightlife
730,bfDQai9X59uWK-XgP0t6rA,Restaurants
731,qAORECtABjr_FsvSzy1apw,Burgers
732,qAORECtABjr_FsvSzy1apw,American (Traditional)
733,qAORECtABjr_FsvSzy1apw,Hot Dogs
734,qAORECtABjr_FsvSzy1apw,Restaurants
735,_EdSQOkATuCtZ5y5A2m0rw,American (New)
736,_EdSQOkATuCtZ5y5A2m0rw,Restaurants
737,ctrgV3Yn-DGWhF9_DCukaA,Automotive
738,ctrgV3Yn-DGWhF9_DCukaA,Towing
739,tVeQQiToNbFm7kwuBEZPNg,Hair Salons
740,tVeQQiToNbFm7kwuBEZPNg,Hair Stylists
741,tVeQQiToNbFm7kwuBEZPNg,Beauty & Spas
742,BlmBPGYjOoFL25CXCin75g,Local Services
743,BlmBPGYjOoFL25CXCin75g,Movers
744,BlmBPGYjOoFL25CXCin75g,Home Services
745,BlmBPGYjOoFL25CXCin75g,Self Storage
746,AmzGu4DeUy69_XLbcQqQug,Food
747,AmzGu4DeUy69_XLbcQqQug,Specialty Food
748,AmzGu4DeUy69_XLbcQqQug,Candy Stores
749,S8vszZv8Ohw_EYV85IpDZw,Pets
750,S8vszZv8Ohw_EYV85IpDZw,Pet Stores
751,2tqzvL7OPWsHkaN3GHNeIQ,Beauty & Spas
752,2tqzvL7OPWsHkaN3GHNeIQ,Nail Salons
753,3OXuxWtGMkBoikTOjKHxBg,Food
754,3OXuxWtGMkBoikTOjKHxBg,Coffee & Tea
755,XuSSzunh_LnO7VIMKNc-eQ,Beauty & Spas
756,XuSSzunh_LnO7VIMKNc-eQ,Nail Salons
757,3P0HA0T93pGTOCqB0OqxUg,Home Services
758,3P0HA0T93pGTOCqB0OqxUg,Real Estate
759,3P0HA0T93pGTOCqB0OqxUg,Apartments
760,vBRJWnMaAqUyZ1CbwnJXLQ,Financial Services
761,vBRJWnMaAqUyZ1CbwnJXLQ,Hotels & Travel
762,vBRJWnMaAqUyZ1CbwnJXLQ,Travel Services
763,vBRJWnMaAqUyZ1CbwnJXLQ,Insurance
764,M0UqoJlAUzKx6dW2CT8d8w,Pizza
765,M0UqoJlAUzKx6dW2CT8d8w,Restaurants
766,3XD7VYs5NDJeMKKKVlkEgQ,Arts & Entertainment
767,3XD7VYs5NDJeMKKKVlkEgQ,Festivals
768,R2FuwuSjmyvzNWNfqzKUvw,Restaurants
769,R2FuwuSjmyvzNWNfqzKUvw,Pizza
770,R2FuwuSjmyvzNWNfqzKUvw,Italian
771,x-QxnXWvV9m8FNAeIsnoFw,Day Spas
772,x-QxnXWvV9m8FNAeIsnoFw,Massage
773,x-QxnXWvV9m8FNAeIsnoFw,Beauty & Spas
774,l3vLiDNAvtAHIc2AqZXvdA,Food
775,l3vLiDNAvtAHIc2AqZXvdA,Ice Cream & Frozen Yogurt
776,l3vLiDNAvtAHIc2AqZXvdA,Shaved Ice
777,PCu81PDqTlad-pbz988TKA,Car Wash
778,PCu81PDqTlad-pbz988TKA,Automotive
779,PCu81PDqTlad-pbz988TKA,Auto Detailing
780,PCu81PDqTlad-pbz988TKA,Gas & Service Stations
781,CVBYF1AMlrZbScRXX8d6XQ,Restaurants
782,CVBYF1AMlrZbScRXX8d6XQ,Pizza
783,CVBYF1AMlrZbScRXX8d6XQ,Italian
784,7lp13T_FUmX1XjU2wen_qw,American (New)
785,7lp13T_FUmX1XjU2wen_qw,French
786,7lp13T_FUmX1XjU2wen_qw,Restaurants
787,GlaQICDLKSdTyKMZt9sN1Q,Food
788,GlaQICDLKSdTyKMZt9sN1Q,Specialty Food
789,EVd903xbs5hk59zGVi6dVA,Public Services & Government
790,EVd903xbs5hk59zGVi6dVA,Police Departments
791,shlAd7PLzWlQrkQ0uYcBBg,Nightlife
792,shlAd7PLzWlQrkQ0uYcBBg,Thai
793,shlAd7PLzWlQrkQ0uYcBBg,Bars
794,shlAd7PLzWlQrkQ0uYcBBg,Restaurants
795,T0MVcmAYTrID2kR0KkFLZg,Dive Bars
796,T0MVcmAYTrID2kR0KkFLZg,Bars
797,T0MVcmAYTrID2kR0KkFLZg,Nightlife
798,XxfWQ0e_EdkxYyVN7osIlQ,Fashion
799,XxfWQ0e_EdkxYyVN7osIlQ,Shopping
800,XxfWQ0e_EdkxYyVN7osIlQ,Sporting Goods
801,XxfWQ0e_EdkxYyVN7osIlQ,Sports Wear
802,XxfWQ0e_EdkxYyVN7osIlQ,Outlet Stores
803,XxfWQ0e_EdkxYyVN7osIlQ,Outdoor Gear
804,tLoLmV70dEYBC6m7ViIueA,Food
805,tLoLmV70dEYBC6m7ViIueA,Coffee & Tea
806,ufx4U76IsSbA06tfnHP5XQ,Sushi Bars
807,ufx4U76IsSbA06tfnHP5XQ,Japanese
808,ufx4U76IsSbA06tfnHP5XQ,Restaurants
809,akJMcBOrRjac-MXsHoa_qg,Shopping
810,akJMcBOrRjac-MXsHoa_qg,Kitchen & Bath
811,akJMcBOrRjac-MXsHoa_qg,Interior Design
812,akJMcBOrRjac-MXsHoa_qg,Home Services
813,akJMcBOrRjac-MXsHoa_qg,Home & Garden
814,RU_vJ5LjpCyonE9Bb7E0Mw,Specialty Schools
815,RU_vJ5LjpCyonE9Bb7E0Mw,Education
816,ADJIoHN3uLx-JalYl3r3Dw,Food
817,ADJIoHN3uLx-JalYl3r3Dw,Desserts
818,ADJIoHN3uLx-JalYl3r3Dw,American (Traditional)
819,ADJIoHN3uLx-JalYl3r3Dw,American (New)
820,ADJIoHN3uLx-JalYl3r3Dw,Restaurants
821,Q1A_wVZypQeM1A3f61wq_A,Bars
822,Q1A_wVZypQeM1A3f61wq_A,Sports Bars
823,Q1A_wVZypQeM1A3f61wq_A,Nightlife
824,pEYl95VtjQVc1mA2b16HfQ,Doctors
825,pEYl95VtjQVc1mA2b16HfQ,Health & Medical
826,pEYl95VtjQVc1mA2b16HfQ,Cosmetic Surgeons
827,8XmJg-Uy9FtOqlDOaSJsZw,Food
828,8XmJg-Uy9FtOqlDOaSJsZw,Ice Cream & Frozen Yogurt
829,8XmJg-Uy9FtOqlDOaSJsZw,Coffee & Tea
830,8XmJg-Uy9FtOqlDOaSJsZw,Juice Bars & Smoothies
831,x737irkRUs8ABGRc2ILLAA,Burgers
832,x737irkRUs8ABGRc2ILLAA,American (Traditional)
833,x737irkRUs8ABGRc2ILLAA,Restaurants
834,d2AeNB4xw67E1Bzpo1Pm7Q,Bakeries
835,d2AeNB4xw67E1Bzpo1Pm7Q,Food
836,d2AeNB4xw67E1Bzpo1Pm7Q,Breakfast & Brunch
837,d2AeNB4xw67E1Bzpo1Pm7Q,Mexican
838,d2AeNB4xw67E1Bzpo1Pm7Q,Restaurants
839,SQXW5T47cXjb7btvxBwZBA,Hotels & Travel
840,SQXW5T47cXjb7btvxBwZBA,Limos
841,SQXW5T47cXjb7btvxBwZBA,Transportation
842,WEYEUvkonsZ8nOKZNXd87A,Mexican
843,WEYEUvkonsZ8nOKZNXd87A,Restaurants
844,q4D9QitWbE0yTNodo4T6bg,Education
845,8aPTQeDYOMNEu907WfflCQ,Breakfast & Brunch
846,8aPTQeDYOMNEu907WfflCQ,Restaurants
847,MXFcSmW3m-9IXQEA_7l62g,Hotels & Travel
848,MXFcSmW3m-9IXQEA_7l62g,Public Transportation
849,MXFcSmW3m-9IXQEA_7l62g,Transportation
850,BNXAhKwPpqlMOFtTf2IohQ,Yelp Events
851,BNXAhKwPpqlMOFtTf2IohQ,Local Flavor
852,wQIilAU2CJG4XNG3b52_IQ,Women's Clothing
853,wQIilAU2CJG4XNG3b52_IQ,Men's Clothing
854,wQIilAU2CJG4XNG3b52_IQ,Fashion
855,wQIilAU2CJG4XNG3b52_IQ,Shopping
856,wQIilAU2CJG4XNG3b52_IQ,Shoe Stores
857,hfl62LX14YqNpG0g0Tj6_Q,Latin American
858,hfl62LX14YqNpG0g0Tj6_Q,Restaurants
859,zKbce74tpanQ40G_AgKt2A,Automotive
860,zKbce74tpanQ40G_AgKt2A,Gas & Service Stations
861,CK6Vf3ii1Hj-4AlgbS6NJQ,Food
862,CK6Vf3ii1Hj-4AlgbS6NJQ,Coffee & Tea
863,I3TDRONsLNW4XOEzTbqlOA,"Books, Mags, Music & Video"
864,I3TDRONsLNW4XOEzTbqlOA,Shopping
865,I3TDRONsLNW4XOEzTbqlOA,Bookstores
866,5xH-WjA0vVeMpva78lSEaQ,Comic Books
867,5xH-WjA0vVeMpva78lSEaQ,Arts & Entertainment
868,5xH-WjA0vVeMpva78lSEaQ,Art Galleries
869,5xH-WjA0vVeMpva78lSEaQ,Shopping
870,5xH-WjA0vVeMpva78lSEaQ,"Books, Mags, Music & Video"
871,Axp68MrCFrKW8HplKsvBHw,Auto Repair
872,Axp68MrCFrKW8HplKsvBHw,Automotive
873,dRSs6fSLY_DQTWOeo09Thw,Fast Food
874,dRSs6fSLY_DQTWOeo09Thw,Restaurants
875,OTq55xUFMOz13DAi9D0_rw,Sushi Bars
876,OTq55xUFMOz13DAi9D0_rw,Japanese
877,OTq55xUFMOz13DAi9D0_rw,Chinese
878,OTq55xUFMOz13DAi9D0_rw,Restaurants
879,YD0oiqWZyAi-lMw3TQ2TqA,Mexican
880,YD0oiqWZyAi-lMw3TQ2TqA,Restaurants
881,Sak3B5hHkztmc1ayxrU8-A,Home Services
882,Sak3B5hHkztmc1ayxrU8-A,Contractors
883,IOpB1FRBQh57Nr7Pg_DinQ,Health & Medical
884,IOpB1FRBQh57Nr7Pg_DinQ,Physical Therapy
885,IOpB1FRBQh57Nr7Pg_DinQ,Chiropractors
886,xO-Z-VIGbTZMK0EG23IxNQ,Barbers
887,xO-Z-VIGbTZMK0EG23IxNQ,Beauty & Spas
888,D7uAJToqGk1hQxfZDO5ijg,Bars
889,D7uAJToqGk1hQxfZDO5ijg,American (Traditional)
890,D7uAJToqGk1hQxfZDO5ijg,Nightlife
891,D7uAJToqGk1hQxfZDO5ijg,Restaurants
892,x65HKjRIzTptg_cWSHwZ7w,Local Services
893,x65HKjRIzTptg_cWSHwZ7w,Home Services
894,x65HKjRIzTptg_cWSHwZ7w,Carpet Cleaning
895,x65HKjRIzTptg_cWSHwZ7w,Contractors
896,Hguhh5iEZvw2vhkIFdCRPQ,Active Life
897,Hguhh5iEZvw2vhkIFdCRPQ,Trainers
898,Hguhh5iEZvw2vhkIFdCRPQ,Fitness & Instruction
899,er1Ng8wxlwaWnzFAKttukQ,Dim Sum
900,er1Ng8wxlwaWnzFAKttukQ,Fast Food
901,er1Ng8wxlwaWnzFAKttukQ,Asian Fusion
902,er1Ng8wxlwaWnzFAKttukQ,Chinese
903,er1Ng8wxlwaWnzFAKttukQ,Restaurants
904,tyETqrYijm3cY4noCwl9Ww,Middle Eastern
905,tyETqrYijm3cY4noCwl9Ww,Restaurants
906,WxcU0u7W7z-91rRoHMLFqA,Hair Salons
907,WxcU0u7W7z-91rRoHMLFqA,Beauty & Spas
908,pvMeUi5Lw2O5vIXg9_EvDg,Afghan
909,pvMeUi5Lw2O5vIXg9_EvDg,Restaurants
910,EEP1M2-gYEy5R462rPmPuw,Arts & Entertainment
911,EEP1M2-gYEy5R462rPmPuw,Performing Arts
912,6dfbD9GDas5-61RU7khClQ,Auto Repair
913,6dfbD9GDas5-61RU7khClQ,Automotive
914,09QAAACarx9CzLsbRjOuUg,Shopping
915,09QAAACarx9CzLsbRjOuUg,Home Services
916,09QAAACarx9CzLsbRjOuUg,Internet Service Providers
917,09QAAACarx9CzLsbRjOuUg,Mobile Phones
918,09QAAACarx9CzLsbRjOuUg,Professional Services
919,09QAAACarx9CzLsbRjOuUg,Electronics
920,YaB2hKgWUaqAWnCA6YWD7g,Fast Food
921,YaB2hKgWUaqAWnCA6YWD7g,Mexican
922,YaB2hKgWUaqAWnCA6YWD7g,Restaurants
923,jVy16yuTbXpiuVuhs1il_w,Shopping
924,jVy16yuTbXpiuVuhs1il_w,Jewelry
925,lQ-eH2PBkH7uPQELbZuGHA,Shopping
926,lQ-eH2PBkH7uPQELbZuGHA,Nurseries & Gardening
927,lQ-eH2PBkH7uPQELbZuGHA,Home & Garden
928,NBmkXVdZd7TTr4eTFXHGMA,Tires
929,NBmkXVdZd7TTr4eTFXHGMA,Automotive
930,mdXOw5ceZ9HlGGtq9D425A,Shopping
931,mdXOw5ceZ9HlGGtq9D425A,Nurseries & Gardening
932,mdXOw5ceZ9HlGGtq9D425A,Home & Garden
933,C37jakxE5TX6ccAfjp2kJA,Bars
934,C37jakxE5TX6ccAfjp2kJA,American (Traditional)
935,C37jakxE5TX6ccAfjp2kJA,Nightlife
936,C37jakxE5TX6ccAfjp2kJA,Restaurants
937,cW3shiA8fDGRpsAUDsL1Xg,Active Life
938,cW3shiA8fDGRpsAUDsL1Xg,Tennis
939,diW9KhKuhBCblBdnAkUkpQ,Food
940,diW9KhKuhBCblBdnAkUkpQ,Grocery
941,suivIX2e8mQKGvbMvbcm2Q,Mexican
942,suivIX2e8mQKGvbMvbcm2Q,Restaurants
943,ti-XLAu4mdfucsyqFRQ69Q,Soul Food
944,ti-XLAu4mdfucsyqFRQ69Q,Seafood
945,ti-XLAu4mdfucsyqFRQ69Q,Restaurants
946,EVR7ss3gCgRmXZT7TvZgzA,Veterinarians
947,EVR7ss3gCgRmXZT7TvZgzA,Pets
948,fHyIN4V4tLRmipCEyh4rlQ,Local Services
949,fHyIN4V4tLRmipCEyh4rlQ,Pest Control
950,JXQBl4aCf5-dQhcg_5LwCg,Pakistani
951,JXQBl4aCf5-dQhcg_5LwCg,Indian
952,JXQBl4aCf5-dQhcg_5LwCg,Restaurants
953,R06GqtQo1UuvY1W9rNR2rA,Automotive
954,R06GqtQo1UuvY1W9rNR2rA,Auto Parts & Supplies
955,W1yep4yDSoLbDFIL4Avz5w,Restaurants
956,W1yep4yDSoLbDFIL4Avz5w,Italian
957,Ay0xZm2OAupyiIKuVeCy7w,Active Life
958,Ay0xZm2OAupyiIKuVeCy7w,Trainers
959,Ay0xZm2OAupyiIKuVeCy7w,Fitness & Instruction
960,DScAYRPPKaqt1NBkCbibHg,Fast Food
961,DScAYRPPKaqt1NBkCbibHg,Tex-Mex
962,DScAYRPPKaqt1NBkCbibHg,Restaurants
963,-73hx2hut_2KPcGpCTO5YA,Food
964,-73hx2hut_2KPcGpCTO5YA,Ice Cream & Frozen Yogurt
965,dKxfvVQiBSenf4PftInWjQ,Active Life
966,dKxfvVQiBSenf4PftInWjQ,Playgrounds
967,qCe5Jh8wzUJ87Gs40tzjVQ,Electricians
968,qCe5Jh8wzUJ87Gs40tzjVQ,Home Services
969,6NJxnGwSEsrTvq5tGZPoaQ,Nurseries & Gardening
970,6NJxnGwSEsrTvq5tGZPoaQ,Shopping
971,6NJxnGwSEsrTvq5tGZPoaQ,Home Decor
972,6NJxnGwSEsrTvq5tGZPoaQ,Home & Garden
973,QQ0VZ1ggQO1aVf_GK6kn5g,Vegetarian
974,QQ0VZ1ggQO1aVf_GK6kn5g,Diners
975,QQ0VZ1ggQO1aVf_GK6kn5g,Vegan
976,QQ0VZ1ggQO1aVf_GK6kn5g,Restaurants
977,joGwyiWdJ92nx602vQ6fKw,Shopping
978,joGwyiWdJ92nx602vQ6fKw,Office Equipment
979,VZj6-23HOUwbVNePEsJrYg,Breakfast & Brunch
980,VZj6-23HOUwbVNePEsJrYg,Restaurants
981,6BXkb7kOhzk9cV7s09CkEQ,Mexican
982,6BXkb7kOhzk9cV7s09CkEQ,Restaurants
983,ELs6WFzaQVeTWhltdUFb7w,Optometrists
984,ELs6WFzaQVeTWhltdUFb7w,Health & Medical
985,jdMZwzgn6A1_1gP2Wz2uwg,Doctors
986,jdMZwzgn6A1_1gP2Wz2uwg,Fertility
987,jdMZwzgn6A1_1gP2Wz2uwg,Health & Medical
988,89mz_kPNAwPSerTUttx2ig,Food
989,89mz_kPNAwPSerTUttx2ig,Street Vendors
990,89mz_kPNAwPSerTUttx2ig,Mexican
991,89mz_kPNAwPSerTUttx2ig,Restaurants
992,Dof3FtUSmOTDves3pvyCHQ,Mattresses
993,Dof3FtUSmOTDves3pvyCHQ,Shopping
994,Dof3FtUSmOTDves3pvyCHQ,Home & Garden
995,UI8iKvzhGn2qZCGIqtQqrQ,Burgers
996,UI8iKvzhGn2qZCGIqtQqrQ,Breakfast & Brunch
997,UI8iKvzhGn2qZCGIqtQqrQ,American (Traditional)
998,UI8iKvzhGn2qZCGIqtQqrQ,Restaurants
999,UqXNc416VPZrY09eMQY_eA,Japanese
