"business_id","category"
"O_X3PGhk3Y5JWVi866qlJg","Active Life"
"O_X3PGhk3Y5JWVi866qlJg","Arts & Entertainment"
"O_X3PGhk3Y5JWVi866qlJg","Stadiums & Arenas"
"O_X3PGhk3Y5JWVi866qlJg","Horse Racing"
"QbrM7wqtmoNncqjc6GtFaQ","Tires"
"QbrM7wqtmoNncqjc6GtFaQ","Automotive"
"QbrM7wqtmoNncqjc6GtFaQ","Fashion"
"QbrM7wqtmoNncqjc6GtFaQ","Shopping"
"QbrM7wqtmoNncqjc6GtFaQ","Department Stores"
"7lbvsGKzhjuX3oJtaXJvOg","Women's Clothing"
"7lbvsGKzhjuX3oJtaXJvOg","Men's Clothing"
"7lbvsGKzhjuX3oJtaXJvOg","Fashion"
"7lbvsGKzhjuX3oJtaXJvOg","Shopping"
"7lbvsGKzhjuX3oJtaXJvOg","Accessories"
"gjxoKVsRJwEoa8zd9XxlAw","Pet Services"
"gjxoKVsRJwEoa8zd9XxlAw","Pet Boarding/Pet Sitting"
"gjxoKVsRJwEoa8zd9XxlAw","Pets"
"V28yjMqyZnbCtabroJN_aA","Veterinarians"
"V28yjMqyZnbCtabroJN_aA","Pets"
"ShUDf64NVkwCe8izdUbYuw","Mexican"
"ShUDf64NVkwCe8izdUbYuw","Restaurants"
"-orgn4aQoie80CiWcoqkqg","Real Estate Services"
"-orgn4aQoie80CiWcoqkqg","Property Management"
"-orgn4aQoie80CiWcoqkqg","Home Services"
"-orgn4aQoie80CiWcoqkqg","Real Estate"
"mQfT3JYu18HN22DVylcE7A","Bakeries"
"mQfT3JYu18HN22DVylcE7A","Food"
"mQfT3JYu18HN22DVylcE7A","Breakfast & Brunch"
"mQfT3JYu18HN22DVylcE7A","Sandwiches"
"mQfT3JYu18HN22DVylcE7A","Restaurants"
"cqXv3w9Mf-aVi4PPRspfFQ","Art Supplies"
"cqXv3w9Mf-aVi4PPRspfFQ","Shopping"
"cqXv3w9Mf-aVi4PPRspfFQ","Framing"
"cqXv3w9Mf-aVi4PPRspfFQ","Arts & Crafts"
"C2FC_hsVG4rupRESeUnrcA","Active Life"
"C2FC_hsVG4rupRESeUnrcA","Massage Therapy"
"C2FC_hsVG4rupRESeUnrcA","Health & Medical"
"C2FC_hsVG4rupRESeUnrcA","Trainers"
"C2FC_hsVG4rupRESeUnrcA","Fitness & Instruction"
"aW1FWcU8uWqlslFOI2Ts1w","Health & Medical"
"aW1FWcU8uWqlslFOI2Ts1w","Diagnostic Services"
"aW1FWcU8uWqlslFOI2Ts1w","Diagnostic Imaging"
"MiVcQsXp3TYUmeD7FSa-hA","Bakeries"
"MiVcQsXp3TYUmeD7FSa-hA","Food"
"MiVcQsXp3TYUmeD7FSa-hA","Sandwiches"
"MiVcQsXp3TYUmeD7FSa-hA","Restaurants"
"2agDSZF593OlXDj7SZtVxw","Day Spas"
"2agDSZF593OlXDj7SZtVxw","Hair Removal"
"2agDSZF593OlXDj7SZtVxw","Massage"
"2agDSZF593OlXDj7SZtVxw","Beauty & Spas"
"R37sFq0FJOdnoBxpoJbtWA","Automotive"
"R37sFq0FJOdnoBxpoJbtWA","Gas & Service Stations"
"y1oqe6pFYzQK08evy8vlLg","Oil Change Stations"
"y1oqe6pFYzQK08evy8vlLg","Automotive"
"_IwgdSjrIMwAcQdeLNhcZQ","Bars"
"_IwgdSjrIMwAcQdeLNhcZQ","Nightlife"
"ClluhYAaVzuoha89uJmr7g","Local Services"
"ClluhYAaVzuoha89uJmr7g","Dry Cleaning & Laundry"
"6fvsIZmmecvphJDiuDFR9w","Pet Services"
"6fvsIZmmecvphJDiuDFR9w","Pet Groomers"
"6fvsIZmmecvphJDiuDFR9w","Pet Training"
"6fvsIZmmecvphJDiuDFR9w","Pets"
"6fvsIZmmecvphJDiuDFR9w","Pet Stores"
"tl9XIP5trlkcuSfTQqe5jg","Fast Food"
"tl9XIP5trlkcuSfTQqe5jg","Restaurants"
"6zXaBSWYQThXT5z9IDY8lw","Hair Salons"
"6zXaBSWYQThXT5z9IDY8lw","Barbers"
"6zXaBSWYQThXT5z9IDY8lw","Men's Hair Salons"
"6zXaBSWYQThXT5z9IDY8lw","Beauty & Spas"
"lUoiT_fR73R8eMiiIcqMLA","Hotels & Travel"
"lUoiT_fR73R8eMiiIcqMLA","Event Planning & Services"
"lUoiT_fR73R8eMiiIcqMLA","Hotels"
"W0eocyGliMbg8NScqERaiA","Champagne Bars"
"W0eocyGliMbg8NScqERaiA","Bars"
"W0eocyGliMbg8NScqERaiA","Nightlife"
"W0eocyGliMbg8NScqERaiA","Lounges"
"0A8myHrHPpiZGvGyFIBA1w","Doctors"
"0A8myHrHPpiZGvGyFIBA1w","Health & Medical"
"J8T6Fu7RSczrflZ5rC6wvQ","Electricians"
"J8T6Fu7RSczrflZ5rC6wvQ","Home Services"
"J8T6Fu7RSczrflZ5rC6wvQ","Heating & Air Conditioning/HVAC"
"J8T6Fu7RSczrflZ5rC6wvQ","Contractors"
"wAs-stW0HP6OXVXdpawnBQ","Vietnamese"
"wAs-stW0HP6OXVXdpawnBQ","Restaurants"
"5CfsPNHmj7J8l1qXk-USsw","Local Services"
"5CfsPNHmj7J8l1qXk-USsw","Appliances & Repair"
"sbD4f8aOsXZ6PJYh1kN4Ag","Shopping Centers"
"sbD4f8aOsXZ6PJYh1kN4Ag","Fashion"
"sbD4f8aOsXZ6PJYh1kN4Ag","Shopping"
"sbD4f8aOsXZ6PJYh1kN4Ag","Department Stores"
"sbD4f8aOsXZ6PJYh1kN4Ag","Venues & Event Spaces"
"sbD4f8aOsXZ6PJYh1kN4Ag","Event Planning & Services"
"vf5AdVCI7rEvXF2Falgp_w","Hotels & Travel"
"vf5AdVCI7rEvXF2Falgp_w","Event Planning & Services"
"vf5AdVCI7rEvXF2Falgp_w","Hotels"
"gtQzAiy7D-dPU8WzT3jX3Q","Women's Clothing"
"gtQzAiy7D-dPU8WzT3jX3Q","Fashion"
"gtQzAiy7D-dPU8WzT3jX3Q","Shopping"
"As7RemQnYJskIBPWUh3MIg","Nightlife"
"As7RemQnYJskIBPWUh3MIg","Dance Clubs"
"nV_7lAYFVISEs-Te4e39gA","Lighting Fixtures & Equipment"
"nV_7lAYFVISEs-Te4e39gA","Home Services"
"i-jP5qyR1Sqp9_Fjp2rJ5w","Car Wash"
"i-jP5qyR1Sqp9_Fjp2rJ5w","Automotive"
"59IPTGX3P6gxpIFYYv1kZg","Shopping"
"59IPTGX3P6gxpIFYYv1kZg","Home & Garden"
"59IPTGX3P6gxpIFYYv1kZg","Furniture Stores"
"HfWkdqxegjiGEXzI8j7Wwg","Shopping"
"HfWkdqxegjiGEXzI8j7Wwg","Drugstores"
"HfWkdqxegjiGEXzI8j7Wwg","Beauty & Spas"
"HfWkdqxegjiGEXzI8j7Wwg","Food"
"HfWkdqxegjiGEXzI8j7Wwg","Convenience Stores"
"HfWkdqxegjiGEXzI8j7Wwg","Cosmetics & Beauty Supply"
"2KAOVu8cloYC7xC6IGFGIQ","Banks & Credit Unions"
"2KAOVu8cloYC7xC6IGFGIQ","Financial Services"
"31bXixwy2GNmRlhpl21reA","Kitchen & Bath"
"31bXixwy2GNmRlhpl21reA","Shopping"
"31bXixwy2GNmRlhpl21reA","Home & Garden"
"o_YqpIrK0-9F7Q7ggtCSrg","Department Stores"
"o_YqpIrK0-9F7Q7ggtCSrg","Sporting Goods"
"o_YqpIrK0-9F7Q7ggtCSrg","Fashion"
"o_YqpIrK0-9F7Q7ggtCSrg","Shopping"
"o_YqpIrK0-9F7Q7ggtCSrg","Sports Wear"
"xvCWAzIS_EpTwDIUVhY_Og","Burgers"
"xvCWAzIS_EpTwDIUVhY_Og","Fast Food"
"xvCWAzIS_EpTwDIUVhY_Og","Restaurants"
"nKrUueeLiIAeMH8nGhdh3A","Fast Food"
"nKrUueeLiIAeMH8nGhdh3A","Restaurants"
"h3suimHlSVRu9V_AJxbbGw","Kitchen & Bath"
"h3suimHlSVRu9V_AJxbbGw","Shopping"
"h3suimHlSVRu9V_AJxbbGw","Home Decor"
"h3suimHlSVRu9V_AJxbbGw","Home & Garden"
"WoFq0FJFMHAOZ_Cog2NTUw","Home Services"
"WoFq0FJFMHAOZ_Cog2NTUw","Real Estate"
"WoFq0FJFMHAOZ_Cog2NTUw","Apartments"
"fI2DvmH3ikpZnVaxWyL66Q","Active Life"
"fI2DvmH3ikpZnVaxWyL66Q","Swimming Pools"
"fI2DvmH3ikpZnVaxWyL66Q","Parks"
"-tNGtyL1Tx20Od4npKkdcg","Fashion"
"-tNGtyL1Tx20Od4npKkdcg","Shopping"
"-tNGtyL1Tx20Od4npKkdcg","Shoe Stores"
"RxYntP8Gsu9hH6gtGjQGVw","Food"
"RxYntP8Gsu9hH6gtGjQGVw","Seafood"
"RxYntP8Gsu9hH6gtGjQGVw","Seafood Markets"
"RxYntP8Gsu9hH6gtGjQGVw","Specialty Food"
"RxYntP8Gsu9hH6gtGjQGVw","Barbeque"
"RxYntP8Gsu9hH6gtGjQGVw","Restaurants"
"ECtNrwcl5P74qwVGFi3hoQ","Property Management"
"ECtNrwcl5P74qwVGFi3hoQ","Home Services"
"ECtNrwcl5P74qwVGFi3hoQ","Real Estate"
"CqhsIZ7TzCfJTrZqg5-gqQ","Nightlife"
"CqhsIZ7TzCfJTrZqg5-gqQ","Bars"
"CqhsIZ7TzCfJTrZqg5-gqQ","American (Traditional)"
"CqhsIZ7TzCfJTrZqg5-gqQ","Sports Bars"
"CqhsIZ7TzCfJTrZqg5-gqQ","Restaurants"
"rV1WnfnwepMajkwY4Vtoag","Sporting Goods"
"rV1WnfnwepMajkwY4Vtoag","Shopping"
"rV1WnfnwepMajkwY4Vtoag","Outdoor Gear"
"_yGo2ubkwQPXcKrdcURSNw","Hotels & Travel"
"_yGo2ubkwQPXcKrdcURSNw","Event Planning & Services"
"_yGo2ubkwQPXcKrdcURSNw","Hotels"
"hBhIdGHnOrybzw-VuGuBig","Medical Centers"
"hBhIdGHnOrybzw-VuGuBig","Health & Medical"
"ChmqODwuYP1ewjmWXtxtsg","Chinese"
"ChmqODwuYP1ewjmWXtxtsg","Restaurants"
"nBqXILuCGVZ4-aPuRKjCCg","Mexican"
"nBqXILuCGVZ4-aPuRKjCCg","Restaurants"
"qXafmRQz-kXnEKkjsLoAxw","Arts & Entertainment"
"iVnEnR4uv2_J9VyV46boeA","Photographers"
"iVnEnR4uv2_J9VyV46boeA","Event Planning & Services"
"IW9yHeqnFCEbO5s1UCrqeA","Bakeries"
"IW9yHeqnFCEbO5s1UCrqeA","Food"
"IW9yHeqnFCEbO5s1UCrqeA","Desserts"
"KUBfTctWDelcgQwW8t4GxQ","Financial Services"
"KUBfTctWDelcgQwW8t4GxQ","Insurance"
"GtSBeSaMK9aNJT8Ka4GkDQ","Doctors"
"GtSBeSaMK9aNJT8Ka4GkDQ","Health & Medical"
"GtSBeSaMK9aNJT8Ka4GkDQ","Obstetricians & Gynecologists"
"s9D-UVxljO05xWTI33MjnA","Fast Food"
"s9D-UVxljO05xWTI33MjnA","Restaurants"
"2Bd3gy5lmINZ-2QxXVRLdA","Food"
"2Bd3gy5lmINZ-2QxXVRLdA","Coffee & Tea"
"2Bd3gy5lmINZ-2QxXVRLdA","Internet Cafes"
"Xa-NZsGIIU9BWrFetK0EvA","Sporting Goods"
"Xa-NZsGIIU9BWrFetK0EvA","Fashion"
"Xa-NZsGIIU9BWrFetK0EvA","Shopping"
"Xa-NZsGIIU9BWrFetK0EvA","Sports Wear"
"TXOC9oDwBA9tI3vNBlkFbw","Bridal"
"TXOC9oDwBA9tI3vNBlkFbw","Shopping"
"-KF9RQPkmIOHfE0tzUu9bg","Food"
"-KF9RQPkmIOHfE0tzUu9bg","Donuts"
"6w_k3NCXF_p8UTWDxpOF5w","American (Traditional)"
"6w_k3NCXF_p8UTWDxpOF5w","Comfort Food"
"6w_k3NCXF_p8UTWDxpOF5w","Restaurants"
"8ZFPlegggez_VSoBoqRFvg","Barbers"
"8ZFPlegggez_VSoBoqRFvg","Beauty & Spas"
"yvSVDO3llx9Eg2lNreJqmg","Sporting Goods"
"yvSVDO3llx9Eg2lNreJqmg","Fashion"
"yvSVDO3llx9Eg2lNreJqmg","Shopping"
"yvSVDO3llx9Eg2lNreJqmg","Sports Wear"
"Atbyj1_dXFUDysgvGKMdbw","Beauty & Spas"
"Atbyj1_dXFUDysgvGKMdbw","Nail Salons"
"1zM7busmXUfYrbNiIHIcuw","Go Karts"
"1zM7busmXUfYrbNiIHIcuw","Arts & Entertainment"
"1zM7busmXUfYrbNiIHIcuw","Golf"
"1zM7busmXUfYrbNiIHIcuw","Arcades"
"1zM7busmXUfYrbNiIHIcuw","Active Life"
"1zM7busmXUfYrbNiIHIcuw","Mini Golf"
"MwIM3O0p8V_y2ttXz0_xGw","Pediatric Dentists"
"MwIM3O0p8V_y2ttXz0_xGw","Health & Medical"
"MwIM3O0p8V_y2ttXz0_xGw","Dentists"
"MwIM3O0p8V_y2ttXz0_xGw","Orthodontists"
"MFxhYRVqFcEZC009-6yfOw","Local Flavor"
"_DZfwU9dE9Q5I1-1jiM1vQ","Bars"
"_DZfwU9dE9Q5I1-1jiM1vQ","Pizza"
"_DZfwU9dE9Q5I1-1jiM1vQ","Nightlife"
"_DZfwU9dE9Q5I1-1jiM1vQ","Restaurants"
"i52eORoeWujZ9y_w3Dos5Q","Shopping Centers"
"i52eORoeWujZ9y_w3Dos5Q","Grocery"
"i52eORoeWujZ9y_w3Dos5Q","Shopping"
"i52eORoeWujZ9y_w3Dos5Q","Food"
"i52eORoeWujZ9y_w3Dos5Q","Ethnic Food"
"i52eORoeWujZ9y_w3Dos5Q","Specialty Food"
"6QolvUp7cFFIWKRnJnh3GQ","Professional Services"
"6QolvUp7cFFIWKRnJnh3GQ","Home Services"
"6QolvUp7cFFIWKRnJnh3GQ","Internet Service Providers"
"AZqwEahCRmVpyMm-OzueGQ","Beauty & Spas"
"AZqwEahCRmVpyMm-OzueGQ","Nail Salons"
"z4GddMQN7_GqT8SYj4S0aw","Arts & Entertainment"
"z4GddMQN7_GqT8SYj4S0aw","Festivals"
"z4GddMQN7_GqT8SYj4S0aw","Local Flavor"
"9ggd0DySEZNw990JGaFSQQ","Shopping Centers"
"9ggd0DySEZNw990JGaFSQQ","Shopping"
"lK408BRA42pDIwk89dxSVQ","Hotels & Travel"
"lK408BRA42pDIwk89dxSVQ","Event Planning & Services"
"lK408BRA42pDIwk89dxSVQ","Hotels"
"sSJeLgg3bQTR3vHkkJd9rQ","Women's Clothing"
"sSJeLgg3bQTR3vHkkJd9rQ","Fashion"
"sSJeLgg3bQTR3vHkkJd9rQ","Shopping"
"9nJi8n5l7ufJZ9PbhNJT8w","Hardware Stores"
"9nJi8n5l7ufJZ9PbhNJT8w","Nurseries & Gardening"
"9nJi8n5l7ufJZ9PbhNJT8w","Shopping"
"9nJi8n5l7ufJZ9PbhNJT8w","Appliances"
"9nJi8n5l7ufJZ9PbhNJT8w","Home & Garden"
"EeQlS9VLlfWT25-MeYsJTg","Mexican"
"EeQlS9VLlfWT25-MeYsJTg","Restaurants"
"4lmMryYEDFbRVLAJVSTKEg","Tanning"
"4lmMryYEDFbRVLAJVSTKEg","Beauty & Spas"
"BuQUeOTJychkWdyqQfA7Gg","Beauty & Spas"
"BuQUeOTJychkWdyqQfA7Gg","Nail Salons"
"rwMuRGUUsXBYv8Wgiw1Qpw","Web Design"
"rwMuRGUUsXBYv8Wgiw1Qpw","Marketing"
"rwMuRGUUsXBYv8Wgiw1Qpw","Professional Services"
"yC3ydbHAJTZ22FZp4LynFg","Filipino"
"yC3ydbHAJTZ22FZp4LynFg","Restaurants"
"XRdwAqzuG_SwVFFlOzLmEQ","Bars"
"XRdwAqzuG_SwVFFlOzLmEQ","American (New)"
"XRdwAqzuG_SwVFFlOzLmEQ","Nightlife"
"XRdwAqzuG_SwVFFlOzLmEQ","Restaurants"
"xEqfRXaHgX-SpiTyB66anQ","Auto Repair"
"xEqfRXaHgX-SpiTyB66anQ","Automotive"
"xEqfRXaHgX-SpiTyB66anQ","Tires"
"vSFo-dxhQN9gWMaGdiNNFQ","Photographers"
"vSFo-dxhQN9gWMaGdiNNFQ","Event Planning & Services"
"fHssE8P0JYd4sEcMTR9WdQ","Barbers"
"fHssE8P0JYd4sEcMTR9WdQ","Beauty & Spas"
"IWwt0vm8lYbVoyGSPd2Z9A","American (Traditional)"
"IWwt0vm8lYbVoyGSPd2Z9A","Barbeque"
"IWwt0vm8lYbVoyGSPd2Z9A","Restaurants"
"oxsCvEkQNNIbOPDt_QK_0A","Pakistani"
"oxsCvEkQNNIbOPDt_QK_0A","Indian"
"oxsCvEkQNNIbOPDt_QK_0A","Restaurants"
"tXYFkBqCwAvIj-fqJXlSvQ","Hotels & Travel"
"tXYFkBqCwAvIj-fqJXlSvQ","Event Planning & Services"
"tXYFkBqCwAvIj-fqJXlSvQ","Hotels"
"pSiR8m18iick2D7TFdmb-Q","Chinese"
"pSiR8m18iick2D7TFdmb-Q","Restaurants"
"GBN0-wo_cHLnC_pwoOTIFQ","Asian Fusion"
"GBN0-wo_cHLnC_pwoOTIFQ","Restaurants"
"-NrEcXQ0qioMwkRsgoq8Kw","Property Management"
"-NrEcXQ0qioMwkRsgoq8Kw","Home Services"
"-NrEcXQ0qioMwkRsgoq8Kw","Real Estate"
"rO1BrNjNKcbPlyAdhjGTiw","Local Services"
"rO1BrNjNKcbPlyAdhjGTiw","Community Service/Non-Profit"
"-8Z6AiHwXInpnl6Q1Ey_5w","Sporting Goods"
"-8Z6AiHwXInpnl6Q1Ey_5w","Bikes"
"-8Z6AiHwXInpnl6Q1Ey_5w","Shopping"
"iZpgRNPogioU5sEaDyl5uw","Chinese"
"iZpgRNPogioU5sEaDyl5uw","Restaurants"
"lLC7pJSpnF9CDfL9Gbg-Sg","Food"
"lLC7pJSpnF9CDfL9Gbg-Sg","Grocery"
"Fo1ttGuJfqKkbUCBVSNxXg","Tobacco Shops"
"Fo1ttGuJfqKkbUCBVSNxXg","Shopping"
"-_K8AE722c1u9Dsa8jo_vg","Shopping"
"-_K8AE722c1u9Dsa8jo_vg","Nurseries & Gardening"
"-_K8AE722c1u9Dsa8jo_vg","Home & Garden"
"Cr2JNnewX53TYd9w6qw6Jw","Burgers"
"Cr2JNnewX53TYd9w6qw6Jw","Restaurants"
"04SKYBXRAqeYIuuVDzwKNg","Tex-Mex"
"04SKYBXRAqeYIuuVDzwKNg","Restaurants"
"U9mhPrFfu-r-Z-HiGDU7YA","Doctors"
"U9mhPrFfu-r-Z-HiGDU7YA","Health & Medical"
"NQ9k6FFG5IkylMdM8cQnmQ","Shopping"
"NQ9k6FFG5IkylMdM8cQnmQ","Drugstores"
"C5u1iFCgPp5wENbxaqIQPA","Videographers"
"C5u1iFCgPp5wENbxaqIQPA","Event Planning & Services"
"DDnmNTvIIQu2t3WZ2EQx-w","American (Traditional)"
"DDnmNTvIIQu2t3WZ2EQx-w","Mexican"
"DDnmNTvIIQu2t3WZ2EQx-w","Restaurants"
"Ih1TGSZyu2Q8htn2JA4tIA","German"
"Ih1TGSZyu2Q8htn2JA4tIA","Restaurants"
"FCcFT610nQBVcRdY-devQA","Wine Bars"
"FCcFT610nQBVcRdY-devQA","Bars"
"FCcFT610nQBVcRdY-devQA","American (New)"
"FCcFT610nQBVcRdY-devQA","Nightlife"
"FCcFT610nQBVcRdY-devQA","Restaurants"
"6n_YkYKnr5clOlVZ5Kerxw","Health & Medical"
"6n_YkYKnr5clOlVZ5Kerxw","Dentists"
"6n_YkYKnr5clOlVZ5Kerxw","General Dentistry"
"50cJrzHLMDQiazc-w0V2gA","Hotels & Travel"
"50cJrzHLMDQiazc-w0V2gA","Event Planning & Services"
"50cJrzHLMDQiazc-w0V2gA","Hotels"
"hqfP4ovbIa3VIaaPFBeAyQ","Tires"
"hqfP4ovbIa3VIaaPFBeAyQ","Automotive"
"532kW_MNHlg64rz0eIn-ug","Neurologist"
"532kW_MNHlg64rz0eIn-ug","Doctors"
"532kW_MNHlg64rz0eIn-ug","Health & Medical"
"FYd577ZRO9xMdmpDL7XKcQ","Churches"
"FYd577ZRO9xMdmpDL7XKcQ","Religious Organizations"
"cEmQQibOSXDatgVuOPAy1w","Shopping"
"cEmQQibOSXDatgVuOPAy1w","Interior Design"
"cEmQQibOSXDatgVuOPAy1w","Home Services"
"cEmQQibOSXDatgVuOPAy1w","Home & Garden"
"cEmQQibOSXDatgVuOPAy1w","Furniture Stores"
"w5UduCXEjPr-uSmib5oPAw","American (Traditional)"
"w5UduCXEjPr-uSmib5oPAw","Steakhouses"
"w5UduCXEjPr-uSmib5oPAw","Restaurants"
"2yMqb2Ey4PspeyLn4y2dHQ","Shopping"
"2yMqb2Ey4PspeyLn4y2dHQ","Office Equipment"
"X_J65cnN3jJWGYacyNwKGg","Barbeque"
"X_J65cnN3jJWGYacyNwKGg","Restaurants"
"n6eQomjE3b7k3TqqD0kY6g","Shopping"
"n6eQomjE3b7k3TqqD0kY6g","Outlet Stores"
"vfzUNcV9B3RhDyuZp0I1pQ","Pizza"
"vfzUNcV9B3RhDyuZp0I1pQ","Restaurants"
"0g0Z7doVpASXNiQDn9b6EA","Photographers"
"0g0Z7doVpASXNiQDn9b6EA","Event Planning & Services"
"0g0Z7doVpASXNiQDn9b6EA","Pets"
"X4lwZ6Msx9GvpDBElqsv8A","Hardware Stores"
"X4lwZ6Msx9GvpDBElqsv8A","Nurseries & Gardening"
"X4lwZ6Msx9GvpDBElqsv8A","Shopping"
"X4lwZ6Msx9GvpDBElqsv8A","Appliances"
"X4lwZ6Msx9GvpDBElqsv8A","Home & Garden"
"r_0k2yqAo1Z4tg_IgXr7Jg","Food"
"r_0k2yqAo1Z4tg_IgXr7Jg","Ice Cream & Frozen Yogurt"
"7CaKZrLu_f0I4hkngBGxUA","Massage"
"7CaKZrLu_f0I4hkngBGxUA","Beauty & Spas"
"qK8WUOFeXavZ6q4sYNNLhw","Sporting Goods"
"qK8WUOFeXavZ6q4sYNNLhw","Bikes"
"qK8WUOFeXavZ6q4sYNNLhw","Shopping"
"Y1eMoHPnhwoOcYsKxGl74g","Women's Clothing"
"Y1eMoHPnhwoOcYsKxGl74g","Fashion"
"Y1eMoHPnhwoOcYsKxGl74g","Shopping"
"Y1eMoHPnhwoOcYsKxGl74g","Accessories"
"KKAbuwTTB1aNFSj8XpnEpw","Beauty & Spas"
"KKAbuwTTB1aNFSj8XpnEpw","Health & Medical"
"KKAbuwTTB1aNFSj8XpnEpw","Medical Spas"
"qjmCVYkwP-HDa35jwYucbQ","Vegetarian"
"qjmCVYkwP-HDa35jwYucbQ","American (New)"
"qjmCVYkwP-HDa35jwYucbQ","Salad"
"qjmCVYkwP-HDa35jwYucbQ","Restaurants"
"2jg5fV6orXdfBW6420mA3w","Automotive"
"2jg5fV6orXdfBW6420mA3w","Towing"
"r2DS-PqOMA35EssB47SWNg","Bakeries"
"r2DS-PqOMA35EssB47SWNg","Food"
"r2DS-PqOMA35EssB47SWNg","Cafes"
"r2DS-PqOMA35EssB47SWNg","Restaurants"
"GcBgWPwxAlo2l4M7BrBMyA","Tires"
"GcBgWPwxAlo2l4M7BrBMyA","Automotive"
"GcBgWPwxAlo2l4M7BrBMyA","Auto Repair"
"8ojKlhgQ4EmwB85tq9Dp-A","Nutritionists"
"8ojKlhgQ4EmwB85tq9Dp-A","Boot Camps"
"8ojKlhgQ4EmwB85tq9Dp-A","Health & Medical"
"8ojKlhgQ4EmwB85tq9Dp-A","Trainers"
"8ojKlhgQ4EmwB85tq9Dp-A","Fitness & Instruction"
"8ojKlhgQ4EmwB85tq9Dp-A","Active Life"
"07UqHgBkJ4Kach2sVT2FdQ","Local Services"
"07UqHgBkJ4Kach2sVT2FdQ","Pest Control"
"hAzND4GmUhiLlnZuNpS71g","Car Wash"
"hAzND4GmUhiLlnZuNpS71g","Automotive"
"AYUsvTmTcC31y36A2L3hPQ","Home Services"
"AYUsvTmTcC31y36A2L3hPQ","Real Estate"
"AYUsvTmTcC31y36A2L3hPQ","Apartments"
"Xqh9wCLzlt7ChkrV9BdR2Q","Sandwiches"
"Xqh9wCLzlt7ChkrV9BdR2Q","Pizza"
"Xqh9wCLzlt7ChkrV9BdR2Q","Chicken Wings"
"Xqh9wCLzlt7ChkrV9BdR2Q","Restaurants"
"Jje3kP5CNasYDSpH0NPRGQ","Restaurants"
"Jje3kP5CNasYDSpH0NPRGQ","Pizza"
"Jje3kP5CNasYDSpH0NPRGQ","Italian"
"k8B-ZZZezlXYLE7YC7FvQg","Gardeners"
"k8B-ZZZezlXYLE7YC7FvQg","Landscaping"
"k8B-ZZZezlXYLE7YC7FvQg","Tree Services"
"k8B-ZZZezlXYLE7YC7FvQg","Home Services"
"vYTzbaemujdD4K4p18hNlw","Pediatric Dentists"
"vYTzbaemujdD4K4p18hNlw","Health & Medical"
"vYTzbaemujdD4K4p18hNlw","Dentists"
"eD3gubPVM3MyAXXnyE-K3g","Local Services"
"eD3gubPVM3MyAXXnyE-K3g","Couriers & Delivery Services"
"eD3gubPVM3MyAXXnyE-K3g","Shipping Centers"
"zRxSXco0Fs42aPzR6rJSzw","Shopping"
"zRxSXco0Fs42aPzR6rJSzw","Optometrists"
"zRxSXco0Fs42aPzR6rJSzw","Health & Medical"
"zRxSXco0Fs42aPzR6rJSzw","Eyewear & Opticians"
"y3V2jqKmvWjyo9Mc-Ipn4g","Pakistani"
"y3V2jqKmvWjyo9Mc-Ipn4g","Indian"
"y3V2jqKmvWjyo9Mc-Ipn4g","Buffets"
"y3V2jqKmvWjyo9Mc-Ipn4g","Restaurants"
"R53UdKGf8uKUIqErS4vc0g","Mexican"
"R53UdKGf8uKUIqErS4vc0g","Restaurants"
"3RCa_Qq-j1yaySmdDvYwZw","Doctors"
"3RCa_Qq-j1yaySmdDvYwZw","Health & Medical"
"3RCa_Qq-j1yaySmdDvYwZw","Podiatrists"
"7cP7WFmWiTVh-raIL3N_Vw","Bars"
"7cP7WFmWiTVh-raIL3N_Vw","American (New)"
"7cP7WFmWiTVh-raIL3N_Vw","Nightlife"
"7cP7WFmWiTVh-raIL3N_Vw","Restaurants"
"S0mTCni_l8jK0cYj8K8dLA","Fast Food"
"S0mTCni_l8jK0cYj8K8dLA","Restaurants"
"ElEF5b3n27IBzbA4R-1M1g","Food"
"ElEF5b3n27IBzbA4R-1M1g","Street Vendors"
"ElEF5b3n27IBzbA4R-1M1g","Barbeque"
"ElEF5b3n27IBzbA4R-1M1g","Restaurants"
"W3VsNhHLMRj5ABMdMcpaUw","Food"
"W3VsNhHLMRj5ABMdMcpaUw","Specialty Food"
"W3VsNhHLMRj5ABMdMcpaUw","Mediterranean"
"W3VsNhHLMRj5ABMdMcpaUw","Restaurants"
"U7KGTH26f4uyKXCHt4A4cw","Department Stores"
"U7KGTH26f4uyKXCHt4A4cw","Fashion"
"U7KGTH26f4uyKXCHt4A4cw","Shopping"
"U7KGTH26f4uyKXCHt4A4cw","Home & Garden"
"U7KGTH26f4uyKXCHt4A4cw","Furniture Stores"
"VVxzmzGoRbjVV7P5bQcLfg","Tobacco Shops"
"VVxzmzGoRbjVV7P5bQcLfg","Shopping"
"gocKJln2Icy2IyCunB1eOA","Tobacco Shops"
"gocKJln2Icy2IyCunB1eOA","Shopping"
"ZXlO9S1MG2I-L5uLSF-nPA","Mexican"
"ZXlO9S1MG2I-L5uLSF-nPA","Restaurants"
"-x_jL2OCWPdObGTOwIpN4w","Food"
"-x_jL2OCWPdObGTOwIpN4w","Coffee & Tea"
"7KCLeDNdFDkdoA6MUavxwQ","Mexican"
"7KCLeDNdFDkdoA6MUavxwQ","Restaurants"
"-pujUWl_QknGnW6x_hvWUg","Post Offices"
"-pujUWl_QknGnW6x_hvWUg","Public Services & Government"
"2kZiyGqzB5Lnc0cZgHCOfw","Active Life"
"2kZiyGqzB5Lnc0cZgHCOfw","Gyms"
"2kZiyGqzB5Lnc0cZgHCOfw","Trainers"
"2kZiyGqzB5Lnc0cZgHCOfw","Fitness & Instruction"
"Zk584MLn3STVm1ZXpABSmA","Chicken Wings"
"Zk584MLn3STVm1ZXpABSmA","Restaurants"
"y6uO4ydAwBHUujfiSktxZg","Mexican"
"y6uO4ydAwBHUujfiSktxZg","Restaurants"
"uaL1-3F-L-BbgQalu8GVSw","Food"
"uaL1-3F-L-BbgQalu8GVSw","Desserts"
"LibQv6uJiktJh7U3beNA2g","Chinese"
"LibQv6uJiktJh7U3beNA2g","Restaurants"
"iZdynPTpKwbX5O3uLeC9Gg","Greek"
"iZdynPTpKwbX5O3uLeC9Gg","Mediterranean"
"iZdynPTpKwbX5O3uLeC9Gg","Restaurants"
"NliiPZFKgFIRb34Qb_H-TA","Barbers"
"NliiPZFKgFIRb34Qb_H-TA","Beauty & Spas"
"tA2DT7CGQPzgA6tTcTkXDw","Wine Bars"
"tA2DT7CGQPzgA6tTcTkXDw","Bars"
"tA2DT7CGQPzgA6tTcTkXDw","Restaurants"
"tA2DT7CGQPzgA6tTcTkXDw","Nightlife"
"tA2DT7CGQPzgA6tTcTkXDw","Italian"
"q7w9tokdouwt0vEEzsRqxg","Hotels & Travel"
"q7w9tokdouwt0vEEzsRqxg","Event Planning & Services"
"q7w9tokdouwt0vEEzsRqxg","Hotels"
"UPbkeVTJR6C-1I7sCuUrmw","Mexican"
"UPbkeVTJR6C-1I7sCuUrmw","Restaurants"
"E_8a66uqjHXsvb4tdGnkXA","Hotels & Travel"
"E_8a66uqjHXsvb4tdGnkXA","Event Planning & Services"
"E_8a66uqjHXsvb4tdGnkXA","Hotels"
"H0E9GjZqhEuWAIF1orTZ4A","Marketing"
"H0E9GjZqhEuWAIF1orTZ4A","Professional Services"
"Kg2RgeF6l6gEem8XhTx5kQ","Automotive"
"Kg2RgeF6l6gEem8XhTx5kQ","Auto Glass Services"
"xun1GBrZzChBLHY6NrsnMg","Tires"
"xun1GBrZzChBLHY6NrsnMg","Automotive"
"yMUVflS-2SnOGafXmdHy6w","Vietnamese"
"yMUVflS-2SnOGafXmdHy6w","Restaurants"
"OwdsyLWc_uPts_V2mQRD4w","Tires"
"OwdsyLWc_uPts_V2mQRD4w","Automotive"
"5kW3gHsqag1WD6Z1_HD54Q","Food"
"5kW3gHsqag1WD6Z1_HD54Q","Coffee & Tea"
"cIPzndsbagQGj9U1sLqLtA","Pet Services"
"cIPzndsbagQGj9U1sLqLtA","Pets"
"wqLEZpKy3qfE372OPAB4Pg","Fast Food"
"wqLEZpKy3qfE372OPAB4Pg","Restaurants"
"LzreyGNkVTYw4JFuSxWstA","Middle Eastern"
"LzreyGNkVTYw4JFuSxWstA","Restaurants"
"NleiJA9dpfKjhxe0cCD1MA","Wine Bars"
"NleiJA9dpfKjhxe0cCD1MA","Bars"
"NleiJA9dpfKjhxe0cCD1MA","Nightlife"
"NleiJA9dpfKjhxe0cCD1MA","Restaurants"
"m2N5lcfXv5I2TVcXcMTtOw","Active Life"
"m2N5lcfXv5I2TVcXcMTtOw","Parks"
"_BO7_ulfZdLbknZBc1Tj0Q","Dive Bars"
"_BO7_ulfZdLbknZBc1Tj0Q","Bars"
"_BO7_ulfZdLbknZBc1Tj0Q","Nightlife"
"2e1jzfiHFGCRpV66gYNVbA","Food"
"2e1jzfiHFGCRpV66gYNVbA","Health Markets"
"2e1jzfiHFGCRpV66gYNVbA","Grocery"
"2e1jzfiHFGCRpV66gYNVbA","Specialty Food"
"L9UYbtAUOcfTgZFimehlXw","Food"
"L9UYbtAUOcfTgZFimehlXw","Coffee & Tea"
"L9UYbtAUOcfTgZFimehlXw","American (New)"
"L9UYbtAUOcfTgZFimehlXw","Restaurants"
"Lw5HqHiaH8Xag5rIF6nDsw","Day Spas"
"Lw5HqHiaH8Xag5rIF6nDsw","Beauty & Spas"
"WEUgyNNslbwhqYgku8Gt3Q","Italian"
"WEUgyNNslbwhqYgku8Gt3Q","Pizza"
"WEUgyNNslbwhqYgku8Gt3Q","Restaurants"
"5wefpQ4OhJ4srP6j1vLTWw","Tanning"
"5wefpQ4OhJ4srP6j1vLTWw","Beauty & Spas"
"JyqLejwP2CJ4KqdG9fOxDg","Food"
"JyqLejwP2CJ4KqdG9fOxDg","Coffee & Tea"
"ealuKGLqWQ8VsOU12hq4sA","Restaurants"
"ealuKGLqWQ8VsOU12hq4sA","Italian"
"tbV2PnTuo7xo1O0RVFzhdg","Home Services"
"tbV2PnTuo7xo1O0RVFzhdg","Real Estate"
"tbV2PnTuo7xo1O0RVFzhdg","Apartments"
"Sodko0hlMg7F5doNJGKcWQ","American (Traditional)"
"Sodko0hlMg7F5doNJGKcWQ","Restaurants"
"mBM3e0DHU9T2r_mfojSciQ","Soul Food"
"mBM3e0DHU9T2r_mfojSciQ","Seafood"
"mBM3e0DHU9T2r_mfojSciQ","Restaurants"
"bKRpIJvOxh65a-koMa1V7w","Food"
"bKRpIJvOxh65a-koMa1V7w","Pretzels"
"4dAvlk4JufJKX3bYB6YLCQ","Food"
"4dAvlk4JufJKX3bYB6YLCQ","Coffee & Tea"
"60SySAM54mgQiuDUMdD-Xg","Hotels & Travel"
"60SySAM54mgQiuDUMdD-Xg","Airlines"
"60SySAM54mgQiuDUMdD-Xg","Transportation"
"ev8vAH833VRrhTKmj7ruSg","Keys & Locksmiths"
"ev8vAH833VRrhTKmj7ruSg","Home Services"
"9du6Q4vCoQm2tHJDTmWaSg","Optometrists"
"9du6Q4vCoQm2tHJDTmWaSg","Health & Medical"
"HghAgkxoEpUNZNQbAY485A","Pizza"
"HghAgkxoEpUNZNQbAY485A","Restaurants"
"3DIG0gD6rL7AmukW3cdeKg","Auto Repair"
"3DIG0gD6rL7AmukW3cdeKg","Automotive"
"xFPNicZcCicp8RVqz1Ic6Q","Massage"
"xFPNicZcCicp8RVqz1Ic6Q","Beauty & Spas"
"IMoQsloWZUCeC3Unw2j8KQ","Hair Salons"
"IMoQsloWZUCeC3Unw2j8KQ","Beauty & Spas"
"IMoQsloWZUCeC3Unw2j8KQ","Nail Salons"
"XF1g7-1TyTMUMG1qMovlRg","Musical Instruments & Teachers"
"XF1g7-1TyTMUMG1qMovlRg","Shopping"
"1U__JyhW9eiZ2z4djki1WA","Local Services"
"1U__JyhW9eiZ2z4djki1WA","Shipping Centers"
"1U__JyhW9eiZ2z4djki1WA","Printing Services"
"UtUXhKh7vOVvWJF48IzJvQ","Gluten-Free"
"UtUXhKh7vOVvWJF48IzJvQ","Asian Fusion"
"UtUXhKh7vOVvWJF48IzJvQ","Chinese"
"UtUXhKh7vOVvWJF48IzJvQ","Restaurants"
"ZYC0V0cbsrH3Mjhn-68qwg","Hair Salons"
"ZYC0V0cbsrH3Mjhn-68qwg","Hair Extensions"
"ZYC0V0cbsrH3Mjhn-68qwg","Beauty & Spas"
"NJTIb6bro3gmfo7Gp6rDLg","Restaurants"
"NJTIb6bro3gmfo7Gp6rDLg","Mexican"
"NJTIb6bro3gmfo7Gp6rDLg","Event Planning & Services"
"NJTIb6bro3gmfo7Gp6rDLg","Caterers"
"N8xl5Wroth6Z-JZlJHQwPw","Pizza"
"N8xl5Wroth6Z-JZlJHQwPw","Restaurants"
"4THtcoUYIAW0qBLH7ABG7Q","Food"
"4THtcoUYIAW0qBLH7ABG7Q","Specialty Food"
"4THtcoUYIAW0qBLH7ABG7Q","Candy Stores"
"W_KPYn5tKfAOY6Blz26acw","Burgers"
"W_KPYn5tKfAOY6Blz26acw","Fast Food"
"W_KPYn5tKfAOY6Blz26acw","Restaurants"
"g_tnebb_MhibQU6dC6J0GQ","Active Life"
"g_tnebb_MhibQU6dC6J0GQ","Golf"
"u3HMalNH-xBgZUXjnH3O6Q","Professional Services"
"u3HMalNH-xBgZUXjnH3O6Q","Television Service Providers"
"u3HMalNH-xBgZUXjnH3O6Q","Home Services"
"u3HMalNH-xBgZUXjnH3O6Q","Internet Service Providers"
"5ELF1BKGUhYbDd51WM4JGA","Department Stores"
"5ELF1BKGUhYbDd51WM4JGA","Fashion"
"5ELF1BKGUhYbDd51WM4JGA","Shopping"
"WHd8fLeMeWKUK6sPyeB-UA","American (Traditional)"
"WHd8fLeMeWKUK6sPyeB-UA","Steakhouses"
"WHd8fLeMeWKUK6sPyeB-UA","Barbeque"
"WHd8fLeMeWKUK6sPyeB-UA","Restaurants"
"WUZxVr_CaRqEQgzvyeK5tw","Shopping"
"WUZxVr_CaRqEQgzvyeK5tw","Home Decor"
"WUZxVr_CaRqEQgzvyeK5tw","Home & Garden"
"WUZxVr_CaRqEQgzvyeK5tw","Furniture Stores"
"gBSqXouPT1SLn_PZlKlnJA","Hotels & Travel"
"gBSqXouPT1SLn_PZlKlnJA","Car Rental"
"HVKKDTan7kxtByDduTbuPw","Museums"
"HVKKDTan7kxtByDduTbuPw","Arts & Entertainment"
"SkiQh32UtfsRBj_l7cGwOQ","Burgers"
"SkiQh32UtfsRBj_l7cGwOQ","Fast Food"
"SkiQh32UtfsRBj_l7cGwOQ","Restaurants"
"WSpyF97ml2SUqmoDDpyXHw","Car Wash"
"WSpyF97ml2SUqmoDDpyXHw","Automotive"
"-E6XYf1ce1NCtV3QQI-3xA","American (Traditional)"
"-E6XYf1ce1NCtV3QQI-3xA","Steakhouses"
"-E6XYf1ce1NCtV3QQI-3xA","Restaurants"
"Q5sAi0_PmyUMEA0QZRzWdQ","Sandwiches"
"Q5sAi0_PmyUMEA0QZRzWdQ","Restaurants"
"XEdBJi1WZzvatmkxFEIlOw","Thrift Stores"
"XEdBJi1WZzvatmkxFEIlOw","Shopping"
"mkvWFODsaXHe5MXAyDnRWw","Barbeque"
"mkvWFODsaXHe5MXAyDnRWw","Restaurants"
"rlrSUtmUnM84AVb616Qy6Q","Shopping"
"rlrSUtmUnM84AVb616Qy6Q","Nurseries & Gardening"
"rlrSUtmUnM84AVb616Qy6Q","Home & Garden"
"N2cfx1RDmXQehmmkGDsSoA","Automotive"
"N2cfx1RDmXQehmmkGDsSoA","Gas & Service Stations"
"QujOdEd9_24YsQbVcwwszQ","Sandwiches"
"QujOdEd9_24YsQbVcwwszQ","Restaurants"
"EFxaUHb6UwOpsvIIdZk-Ng","Buffets"
"EFxaUHb6UwOpsvIIdZk-Ng","Chinese"
"EFxaUHb6UwOpsvIIdZk-Ng","Restaurants"
"HHFjjljqoH5qs7Cy1i9R4A","Mexican"
"HHFjjljqoH5qs7Cy1i9R4A","Restaurants"
"LorMcT1SQi_jS361mSKKzA","Active Life"
"LorMcT1SQi_jS361mSKKzA","Gyms"
"LorMcT1SQi_jS361mSKKzA","Fitness & Instruction"
"F5-k-QxSGuK3oGNMknFFDw","Hardware Stores"
"F5-k-QxSGuK3oGNMknFFDw","Nurseries & Gardening"
"F5-k-QxSGuK3oGNMknFFDw","Shopping"
"F5-k-QxSGuK3oGNMknFFDw","Appliances"
"F5-k-QxSGuK3oGNMknFFDw","Home & Garden"
"pz-jypT4fEPQKr9RZtVdAw","Pizza"
"pz-jypT4fEPQKr9RZtVdAw","Sandwiches"
"pz-jypT4fEPQKr9RZtVdAw","Restaurants"
"-NGrzJp0dX5pK3qdGSaspw","Hair Salons"
"-NGrzJp0dX5pK3qdGSaspw","Hair Stylists"
"-NGrzJp0dX5pK3qdGSaspw","Beauty & Spas"
"aACW1qAdOfgcU8yX61dOFw","Mexican"
"aACW1qAdOfgcU8yX61dOFw","Restaurants"
"URWorZgi-9E1ubknpZkndg","Sandwiches"
"URWorZgi-9E1ubknpZkndg","Restaurants"
"skopXMkdzP5HEcMf66ROUg","Hotels & Travel"
"skopXMkdzP5HEcMf66ROUg","Airlines"
"skopXMkdzP5HEcMf66ROUg","Transportation"
"rPp509oz4oFEdncoo7v_HA","Burgers"
"rPp509oz4oFEdncoo7v_HA","American (New)"
"rPp509oz4oFEdncoo7v_HA","Restaurants"
"od49_DFUJY9louGx80My-A","Buffets"
"od49_DFUJY9louGx80My-A","Mexican"
"od49_DFUJY9louGx80My-A","Restaurants"
"7XfT2w9Eb2Xbu-iP4xulPQ","Food"
"7XfT2w9Eb2Xbu-iP4xulPQ","Breakfast & Brunch"
"7XfT2w9Eb2Xbu-iP4xulPQ","Bagels"
"7XfT2w9Eb2Xbu-iP4xulPQ","Delis"
"7XfT2w9Eb2Xbu-iP4xulPQ","Restaurants"
"HTpBzBg3OLU-lQUqRIqoiw","Restaurants"
"kP_NxoI4DyQ1y60i5xsTCQ","Food"
"kP_NxoI4DyQ1y60i5xsTCQ","Grocery"
"kP_NxoI4DyQ1y60i5xsTCQ","Shopping"
"kP_NxoI4DyQ1y60i5xsTCQ","Drugstores"
"HoAlrcdSmHn-QmqvOJzGSQ","Damage Restoration"
"HoAlrcdSmHn-QmqvOJzGSQ","Home Services"
"_dVcQifVkqiJxqE7r4Qelw","Thrift Stores"
"_dVcQifVkqiJxqE7r4Qelw","Shopping"
"ppoQDk5EQjOJBYNEzYp9Hw","Party Supplies"
"ppoQDk5EQjOJBYNEzYp9Hw","Arts & Crafts"
"ppoQDk5EQjOJBYNEzYp9Hw","Shopping"
"ppoQDk5EQjOJBYNEzYp9Hw","Costumes"
"ppoQDk5EQjOJBYNEzYp9Hw","Event Planning & Services"
"U5NuvuevF4GelzwXsIz_Lg","Arts & Entertainment"
"xbZo8aMOOobPRzHKqmA88g","Pizza"
"xbZo8aMOOobPRzHKqmA88g","Restaurants"
"L3BSpFvxcNf3T_teitgt6A","Arts & Entertainment"
"L3BSpFvxcNf3T_teitgt6A","Stadiums & Arenas"
"vujjKuD4Vls4xKLe5MJ63Q","Vegetarian"
"vujjKuD4Vls4xKLe5MJ63Q","Hawaiian"
"vujjKuD4Vls4xKLe5MJ63Q","Restaurants"
"COc06ScpJTN15NXMf4gkqA","Local Services"
"COc06ScpJTN15NXMf4gkqA","Dry Cleaning & Laundry"
"SGGZ6l345YTww09IHxtoew","Food"
"SGGZ6l345YTww09IHxtoew","Soul Food"
"SGGZ6l345YTww09IHxtoew","American (New)"
"SGGZ6l345YTww09IHxtoew","Desserts"
"SGGZ6l345YTww09IHxtoew","Restaurants"
"LpIXmgHvAO6eQpeQe8PRTQ","Beauty & Spas"
"LpIXmgHvAO6eQpeQe8PRTQ","Nail Salons"
"lSlfbGPYtQ8bARSEiN9cYw","Fast Food"
"lSlfbGPYtQ8bARSEiN9cYw","Mexican"
"lSlfbGPYtQ8bARSEiN9cYw","Tex-Mex"
"lSlfbGPYtQ8bARSEiN9cYw","Restaurants"
"PHRBJdf5j2GqW92ArnORRw","Local Flavor"
"gfhO1Q1c7QCigu7waVpeSg","Arts & Entertainment"
"gfhO1Q1c7QCigu7waVpeSg","Cinema"
"a-U3SLb6j_M3AYzMAKwK_g","Hotels & Travel"
"a-U3SLb6j_M3AYzMAKwK_g","Event Planning & Services"
"a-U3SLb6j_M3AYzMAKwK_g","Hotels"
"N4KDipEdv7lCYYtFv-oKyg","Tanning"
"N4KDipEdv7lCYYtFv-oKyg","Beauty & Spas"
"vWoCMo8hrglD_ChW8z3brg","Tires"
"vWoCMo8hrglD_ChW8z3brg","Automotive"
"vWoCMo8hrglD_ChW8z3brg","Auto Repair"
"vWoCMo8hrglD_ChW8z3brg","Oil Change Stations"
"joxWCp6dgN-kTE9GMziwjA","Thai"
"joxWCp6dgN-kTE9GMziwjA","Restaurants"
"PsO7ilfx0aA9SgcAqA4New","Home Services"
"PsO7ilfx0aA9SgcAqA4New","Real Estate"
"PsO7ilfx0aA9SgcAqA4New","Apartments"
"E6HzAdx2vyZVyuNoa4-Xaw","Mexican"
"E6HzAdx2vyZVyuNoa4-Xaw","Restaurants"
"Y3eSWKC4W9X_2HYzOvEQDw","Optometrists"
"Y3eSWKC4W9X_2HYzOvEQDw","Health & Medical"
"-Nd5eId2iqnFvAMNgRBgpA","Mexican"
"-Nd5eId2iqnFvAMNgRBgpA","Restaurants"
"icv5iqXr_tSGcqSxomXbVA","Food"
"icv5iqXr_tSGcqSxomXbVA","Coffee & Tea"
"HLbtxdO4NjwrByexahGKbA","Day Spas"
"HLbtxdO4NjwrByexahGKbA","Massage"
"HLbtxdO4NjwrByexahGKbA","Beauty & Spas"
"yaLFW1Q8EH1Y5LlKKmLFqA","Medical Centers"
"yaLFW1Q8EH1Y5LlKKmLFqA","Health & Medical"
"bfDQai9X59uWK-XgP0t6rA","Dive Bars"
"bfDQai9X59uWK-XgP0t6rA","Bars"
"bfDQai9X59uWK-XgP0t6rA","Mexican"
"bfDQai9X59uWK-XgP0t6rA","Nightlife"
"bfDQai9X59uWK-XgP0t6rA","Restaurants"
"qAORECtABjr_FsvSzy1apw","Burgers"
"qAORECtABjr_FsvSzy1apw","American (Traditional)"
"qAORECtABjr_FsvSzy1apw","Hot Dogs"
"qAORECtABjr_FsvSzy1apw","Restaurants"
"_EdSQOkATuCtZ5y5A2m0rw","American (New)"
"_EdSQOkATuCtZ5y5A2m0rw","Restaurants"
"ctrgV3Yn-DGWhF9_DCukaA","Automotive"
"ctrgV3Yn-DGWhF9_DCukaA","Towing"
"tVeQQiToNbFm7kwuBEZPNg","Hair Salons"
"tVeQQiToNbFm7kwuBEZPNg","Hair Stylists"
"tVeQQiToNbFm7kwuBEZPNg","Beauty & Spas"
"BlmBPGYjOoFL25CXCin75g","Local Services"
"BlmBPGYjOoFL25CXCin75g","Movers"
"BlmBPGYjOoFL25CXCin75g","Home Services"
"BlmBPGYjOoFL25CXCin75g","Self Storage"
"AmzGu4DeUy69_XLbcQqQug","Food"
"AmzGu4DeUy69_XLbcQqQug","Specialty Food"
"AmzGu4DeUy69_XLbcQqQug","Candy Stores"
"S8vszZv8Ohw_EYV85IpDZw","Pets"
"S8vszZv8Ohw_EYV85IpDZw","Pet Stores"
"2tqzvL7OPWsHkaN3GHNeIQ","Beauty & Spas"
"2tqzvL7OPWsHkaN3GHNeIQ","Nail Salons"
"3OXuxWtGMkBoikTOjKHxBg","Food"
"3OXuxWtGMkBoikTOjKHxBg","Coffee & Tea"
"XuSSzunh_LnO7VIMKNc-eQ","Beauty & Spas"
"XuSSzunh_LnO7VIMKNc-eQ","Nail Salons"
"3P0HA0T93pGTOCqB0OqxUg","Home Services"
"3P0HA0T93pGTOCqB0OqxUg","Real Estate"
"3P0HA0T93pGTOCqB0OqxUg","Apartments"
"vBRJWnMaAqUyZ1CbwnJXLQ","Financial Services"
"vBRJWnMaAqUyZ1CbwnJXLQ","Hotels & Travel"
"vBRJWnMaAqUyZ1CbwnJXLQ","Travel Services"
"vBRJWnMaAqUyZ1CbwnJXLQ","Insurance"
"M0UqoJlAUzKx6dW2CT8d8w","Pizza"
"M0UqoJlAUzKx6dW2CT8d8w","Restaurants"
"3XD7VYs5NDJeMKKKVlkEgQ","Arts & Entertainment"
"3XD7VYs5NDJeMKKKVlkEgQ","Festivals"
"R2FuwuSjmyvzNWNfqzKUvw","Restaurants"
"R2FuwuSjmyvzNWNfqzKUvw","Pizza"
"R2FuwuSjmyvzNWNfqzKUvw","Italian"
"x-QxnXWvV9m8FNAeIsnoFw","Day Spas"
"x-QxnXWvV9m8FNAeIsnoFw","Massage"
"x-QxnXWvV9m8FNAeIsnoFw","Beauty & Spas"
"l3vLiDNAvtAHIc2AqZXvdA","Food"
"l3vLiDNAvtAHIc2AqZXvdA","Ice Cream & Frozen Yogurt"
"l3vLiDNAvtAHIc2AqZXvdA","Shaved Ice"
"PCu81PDqTlad-pbz988TKA","Car Wash"
"PCu81PDqTlad-pbz988TKA","Automotive"
"PCu81PDqTlad-pbz988TKA","Auto Detailing"
"PCu81PDqTlad-pbz988TKA","Gas & Service Stations"
"CVBYF1AMlrZbScRXX8d6XQ","Restaurants"
"CVBYF1AMlrZbScRXX8d6XQ","Pizza"
"CVBYF1AMlrZbScRXX8d6XQ","Italian"
"7lp13T_FUmX1XjU2wen_qw","American (New)"
"7lp13T_FUmX1XjU2wen_qw","French"
"7lp13T_FUmX1XjU2wen_qw","Restaurants"
"GlaQICDLKSdTyKMZt9sN1Q","Food"
"GlaQICDLKSdTyKMZt9sN1Q","Specialty Food"
"EVd903xbs5hk59zGVi6dVA","Public Services & Government"
"EVd903xbs5hk59zGVi6dVA","Police Departments"
"shlAd7PLzWlQrkQ0uYcBBg","Nightlife"
"shlAd7PLzWlQrkQ0uYcBBg","Thai"
"shlAd7PLzWlQrkQ0uYcBBg","Bars"
"shlAd7PLzWlQrkQ0uYcBBg","Restaurants"
"T0MVcmAYTrID2kR0KkFLZg","Dive Bars"
"T0MVcmAYTrID2kR0KkFLZg","Bars"
"T0MVcmAYTrID2kR0KkFLZg","Nightlife"
"XxfWQ0e_EdkxYyVN7osIlQ","Fashion"
"XxfWQ0e_EdkxYyVN7osIlQ","Shopping"
"XxfWQ0e_EdkxYyVN7osIlQ","Sporting Goods"
"XxfWQ0e_EdkxYyVN7osIlQ","Sports Wear"
"XxfWQ0e_EdkxYyVN7osIlQ","Outlet Stores"
"XxfWQ0e_EdkxYyVN7osIlQ","Outdoor Gear"
"tLoLmV70dEYBC6m7ViIueA","Food"
"tLoLmV70dEYBC6m7ViIueA","Coffee & Tea"
"ufx4U76IsSbA06tfnHP5XQ","Sushi Bars"
"ufx4U76IsSbA06tfnHP5XQ","Japanese"
"ufx4U76IsSbA06tfnHP5XQ","Restaurants"
"akJMcBOrRjac-MXsHoa_qg","Shopping"
"akJMcBOrRjac-MXsHoa_qg","Kitchen & Bath"
"akJMcBOrRjac-MXsHoa_qg","Interior Design"
"akJMcBOrRjac-MXsHoa_qg","Home Services"
"akJMcBOrRjac-MXsHoa_qg","Home & Garden"
"RU_vJ5LjpCyonE9Bb7E0Mw","Specialty Schools"
"RU_vJ5LjpCyonE9Bb7E0Mw","Education"
"ADJIoHN3uLx-JalYl3r3Dw","Food"
"ADJIoHN3uLx-JalYl3r3Dw","Desserts"
"ADJIoHN3uLx-JalYl3r3Dw","American (Traditional)"
"ADJIoHN3uLx-JalYl3r3Dw","American (New)"
"ADJIoHN3uLx-JalYl3r3Dw","Restaurants"
"Q1A_wVZypQeM1A3f61wq_A","Bars"
"Q1A_wVZypQeM1A3f61wq_A","Sports Bars"
"Q1A_wVZypQeM1A3f61wq_A","Nightlife"
"pEYl95VtjQVc1mA2b16HfQ","Doctors"
"pEYl95VtjQVc1mA2b16HfQ","Health & Medical"
"pEYl95VtjQVc1mA2b16HfQ","Cosmetic Surgeons"
"8XmJg-Uy9FtOqlDOaSJsZw","Food"
"8XmJg-Uy9FtOqlDOaSJsZw","Ice Cream & Frozen Yogurt"
"8XmJg-Uy9FtOqlDOaSJsZw","Coffee & Tea"
"8XmJg-Uy9FtOqlDOaSJsZw","Juice Bars & Smoothies"
"x737irkRUs8ABGRc2ILLAA","Burgers"
"x737irkRUs8ABGRc2ILLAA","American (Traditional)"
"x737irkRUs8ABGRc2ILLAA","Restaurants"
"d2AeNB4xw67E1Bzpo1Pm7Q","Bakeries"
"d2AeNB4xw67E1Bzpo1Pm7Q","Food"
"d2AeNB4xw67E1Bzpo1Pm7Q","Breakfast & Brunch"
"d2AeNB4xw67E1Bzpo1Pm7Q","Mexican"
"d2AeNB4xw67E1Bzpo1Pm7Q","Restaurants"
"SQXW5T47cXjb7btvxBwZBA","Hotels & Travel"
"SQXW5T47cXjb7btvxBwZBA","Limos"
"SQXW5T47cXjb7btvxBwZBA","Transportation"
"WEYEUvkonsZ8nOKZNXd87A","Mexican"
"WEYEUvkonsZ8nOKZNXd87A","Restaurants"
"q4D9QitWbE0yTNodo4T6bg","Education"
"8aPTQeDYOMNEu907WfflCQ","Breakfast & Brunch"
"8aPTQeDYOMNEu907WfflCQ","Restaurants"
"MXFcSmW3m-9IXQEA_7l62g","Hotels & Travel"
"MXFcSmW3m-9IXQEA_7l62g","Public Transportation"
"MXFcSmW3m-9IXQEA_7l62g","Transportation"
"BNXAhKwPpqlMOFtTf2IohQ","Yelp Events"
"BNXAhKwPpqlMOFtTf2IohQ","Local Flavor"
"wQIilAU2CJG4XNG3b52_IQ","Women's Clothing"
"wQIilAU2CJG4XNG3b52_IQ","Men's Clothing"
"wQIilAU2CJG4XNG3b52_IQ","Fashion"
"wQIilAU2CJG4XNG3b52_IQ","Shopping"
"wQIilAU2CJG4XNG3b52_IQ","Shoe Stores"
"hfl62LX14YqNpG0g0Tj6_Q","Latin American"
"hfl62LX14YqNpG0g0Tj6_Q","Restaurants"
"zKbce74tpanQ40G_AgKt2A","Automotive"
"zKbce74tpanQ40G_AgKt2A","Gas & Service Stations"
"CK6Vf3ii1Hj-4AlgbS6NJQ","Food"
"CK6Vf3ii1Hj-4AlgbS6NJQ","Coffee & Tea"
"I3TDRONsLNW4XOEzTbqlOA","Books, Mags, Music & Video"
"I3TDRONsLNW4XOEzTbqlOA","Shopping"
"I3TDRONsLNW4XOEzTbqlOA","Bookstores"
"5xH-WjA0vVeMpva78lSEaQ","Comic Books"
"5xH-WjA0vVeMpva78lSEaQ","Arts & Entertainment"
"5xH-WjA0vVeMpva78lSEaQ","Art Galleries"
"5xH-WjA0vVeMpva78lSEaQ","Shopping"
"5xH-WjA0vVeMpva78lSEaQ","Books, Mags, Music & Video"
"Axp68MrCFrKW8HplKsvBHw","Auto Repair"
"Axp68MrCFrKW8HplKsvBHw","Automotive"
"dRSs6fSLY_DQTWOeo09Thw","Fast Food"
"dRSs6fSLY_DQTWOeo09Thw","Restaurants"
"OTq55xUFMOz13DAi9D0_rw","Sushi Bars"
"OTq55xUFMOz13DAi9D0_rw","Japanese"
"OTq55xUFMOz13DAi9D0_rw","Chinese"
"OTq55xUFMOz13DAi9D0_rw","Restaurants"
"YD0oiqWZyAi-lMw3TQ2TqA","Mexican"
"YD0oiqWZyAi-lMw3TQ2TqA","Restaurants"
"Sak3B5hHkztmc1ayxrU8-A","Home Services"
"Sak3B5hHkztmc1ayxrU8-A","Contractors"
"IOpB1FRBQh57Nr7Pg_DinQ","Health & Medical"
"IOpB1FRBQh57Nr7Pg_DinQ","Physical Therapy"
"IOpB1FRBQh57Nr7Pg_DinQ","Chiropractors"
"xO-Z-VIGbTZMK0EG23IxNQ","Barbers"
"xO-Z-VIGbTZMK0EG23IxNQ","Beauty & Spas"
"D7uAJToqGk1hQxfZDO5ijg","Bars"
"D7uAJToqGk1hQxfZDO5ijg","American (Traditional)"
"D7uAJToqGk1hQxfZDO5ijg","Nightlife"
"D7uAJToqGk1hQxfZDO5ijg","Restaurants"
"x65HKjRIzTptg_cWSHwZ7w","Local Services"
"x65HKjRIzTptg_cWSHwZ7w","Home Services"
"x65HKjRIzTptg_cWSHwZ7w","Carpet Cleaning"
"x65HKjRIzTptg_cWSHwZ7w","Contractors"
"Hguhh5iEZvw2vhkIFdCRPQ","Active Life"
"Hguhh5iEZvw2vhkIFdCRPQ","Trainers"
"Hguhh5iEZvw2vhkIFdCRPQ","Fitness & Instruction"
"er1Ng8wxlwaWnzFAKttukQ","Dim Sum"
"er1Ng8wxlwaWnzFAKttukQ","Fast Food"
"er1Ng8wxlwaWnzFAKttukQ","Asian Fusion"
"er1Ng8wxlwaWnzFAKttukQ","Chinese"
"er1Ng8wxlwaWnzFAKttukQ","Restaurants"
"tyETqrYijm3cY4noCwl9Ww","Middle Eastern"
"tyETqrYijm3cY4noCwl9Ww","Restaurants"
"WxcU0u7W7z-91rRoHMLFqA","Hair Salons"
"WxcU0u7W7z-91rRoHMLFqA","Beauty & Spas"
"pvMeUi5Lw2O5vIXg9_EvDg","Afghan"
"pvMeUi5Lw2O5vIXg9_EvDg","Restaurants"
"EEP1M2-gYEy5R462rPmPuw","Arts & Entertainment"
"EEP1M2-gYEy5R462rPmPuw","Performing Arts"
"6dfbD9GDas5-61RU7khClQ","Auto Repair"
"6dfbD9GDas5-61RU7khClQ","Automotive"
"09QAAACarx9CzLsbRjOuUg","Shopping"
"09QAAACarx9CzLsbRjOuUg","Home Services"
"09QAAACarx9CzLsbRjOuUg","Internet Service Providers"
"09QAAACarx9CzLsbRjOuUg","Mobile Phones"
"09QAAACarx9CzLsbRjOuUg","Professional Services"
"09QAAACarx9CzLsbRjOuUg","Electronics"
"YaB2hKgWUaqAWnCA6YWD7g","Fast Food"
"YaB2hKgWUaqAWnCA6YWD7g","Mexican"
"YaB2hKgWUaqAWnCA6YWD7g","Restaurants"
"jVy16yuTbXpiuVuhs1il_w","Shopping"
"jVy16yuTbXpiuVuhs1il_w","Jewelry"
"lQ-eH2PBkH7uPQELbZuGHA","Shopping"
"lQ-eH2PBkH7uPQELbZuGHA","Nurseries & Gardening"
"lQ-eH2PBkH7uPQELbZuGHA","Home & Garden"
"NBmkXVdZd7TTr4eTFXHGMA","Tires"
"NBmkXVdZd7TTr4eTFXHGMA","Automotive"
"mdXOw5ceZ9HlGGtq9D425A","Shopping"
"mdXOw5ceZ9HlGGtq9D425A","Nurseries & Gardening"
"mdXOw5ceZ9HlGGtq9D425A","Home & Garden"
"C37jakxE5TX6ccAfjp2kJA","Bars"
"C37jakxE5TX6ccAfjp2kJA","American (Traditional)"
"C37jakxE5TX6ccAfjp2kJA","Nightlife"
"C37jakxE5TX6ccAfjp2kJA","Restaurants"
"cW3shiA8fDGRpsAUDsL1Xg","Active Life"
"cW3shiA8fDGRpsAUDsL1Xg","Tennis"
"diW9KhKuhBCblBdnAkUkpQ","Food"
"diW9KhKuhBCblBdnAkUkpQ","Grocery"
"suivIX2e8mQKGvbMvbcm2Q","Mexican"
"suivIX2e8mQKGvbMvbcm2Q","Restaurants"
"ti-XLAu4mdfucsyqFRQ69Q","Soul Food"
"ti-XLAu4mdfucsyqFRQ69Q","Seafood"
"ti-XLAu4mdfucsyqFRQ69Q","Restaurants"
"EVR7ss3gCgRmXZT7TvZgzA","Veterinarians"
"EVR7ss3gCgRmXZT7TvZgzA","Pets"
"fHyIN4V4tLRmipCEyh4rlQ","Local Services"
"fHyIN4V4tLRmipCEyh4rlQ","Pest Control"
"JXQBl4aCf5-dQhcg_5LwCg","Pakistani"
"JXQBl4aCf5-dQhcg_5LwCg","Indian"
"JXQBl4aCf5-dQhcg_5LwCg","Restaurants"
"R06GqtQo1UuvY1W9rNR2rA","Automotive"
"R06GqtQo1UuvY1W9rNR2rA","Auto Parts & Supplies"
"W1yep4yDSoLbDFIL4Avz5w","Restaurants"
"W1yep4yDSoLbDFIL4Avz5w","Italian"
"Ay0xZm2OAupyiIKuVeCy7w","Active Life"
"Ay0xZm2OAupyiIKuVeCy7w","Trainers"
"Ay0xZm2OAupyiIKuVeCy7w","Fitness & Instruction"
"DScAYRPPKaqt1NBkCbibHg","Fast Food"
"DScAYRPPKaqt1NBkCbibHg","Tex-Mex"
"DScAYRPPKaqt1NBkCbibHg","Restaurants"
"-73hx2hut_2KPcGpCTO5YA","Food"
"-73hx2hut_2KPcGpCTO5YA","Ice Cream & Frozen Yogurt"
"dKxfvVQiBSenf4PftInWjQ","Active Life"
"dKxfvVQiBSenf4PftInWjQ","Playgrounds"
"qCe5Jh8wzUJ87Gs40tzjVQ","Electricians"
"qCe5Jh8wzUJ87Gs40tzjVQ","Home Services"
"6NJxnGwSEsrTvq5tGZPoaQ","Nurseries & Gardening"
"6NJxnGwSEsrTvq5tGZPoaQ","Shopping"
"6NJxnGwSEsrTvq5tGZPoaQ","Home Decor"
"6NJxnGwSEsrTvq5tGZPoaQ","Home & Garden"
"QQ0VZ1ggQO1aVf_GK6kn5g","Vegetarian"
"QQ0VZ1ggQO1aVf_GK6kn5g","Diners"
"QQ0VZ1ggQO1aVf_GK6kn5g","Vegan"
"QQ0VZ1ggQO1aVf_GK6kn5g","Restaurants"
"joGwyiWdJ92nx602vQ6fKw","Shopping"
"joGwyiWdJ92nx602vQ6fKw","Office Equipment"
"VZj6-23HOUwbVNePEsJrYg","Breakfast & Brunch"
"VZj6-23HOUwbVNePEsJrYg","Restaurants"
"6BXkb7kOhzk9cV7s09CkEQ","Mexican"
"6BXkb7kOhzk9cV7s09CkEQ","Restaurants"
"ELs6WFzaQVeTWhltdUFb7w","Optometrists"
"ELs6WFzaQVeTWhltdUFb7w","Health & Medical"
"jdMZwzgn6A1_1gP2Wz2uwg","Doctors"
"jdMZwzgn6A1_1gP2Wz2uwg","Fertility"
"jdMZwzgn6A1_1gP2Wz2uwg","Health & Medical"
"89mz_kPNAwPSerTUttx2ig","Food"
"89mz_kPNAwPSerTUttx2ig","Street Vendors"
"89mz_kPNAwPSerTUttx2ig","Mexican"
"89mz_kPNAwPSerTUttx2ig","Restaurants"
"Dof3FtUSmOTDves3pvyCHQ","Mattresses"
"Dof3FtUSmOTDves3pvyCHQ","Shopping"
"Dof3FtUSmOTDves3pvyCHQ","Home & Garden"
"UI8iKvzhGn2qZCGIqtQqrQ","Burgers"
"UI8iKvzhGn2qZCGIqtQqrQ","Breakfast & Brunch"
"UI8iKvzhGn2qZCGIqtQqrQ","American (Traditional)"
"UI8iKvzhGn2qZCGIqtQqrQ","Restaurants"
"UqXNc416VPZrY09eMQY_eA","Japanese"
